Workbook

Sheet WEEKLY REPORT
A1: SITE | B1: TARGETS | C1: WEEKLY TARGETS | D1: WEEKLY PRODUCTION | E1: DEFICIT ON TARGET | F1: REASONS FOR UNDER TARGET | G1: REMARKS
A2: DCK | B2: 287 | C2: =B2*7 -> 2009 | D2: =production!#REF!+production!#REF!+production!#REF!+production!#REF!+production!#REF!+production!#REF!+production!#REF!+production!#REF! -> #REF! | E2: =D2-C2 -> #REF! | F2: Burst on main line
A3: WWS | B3: 660 | C3: =B3*7 -> 4620 | D3: =production!#REF!+production!#REF!+production!#REF!+production!#REF!+production!#REF!+production!#REF!+production!#REF! -> #REF! | E3: =D3-C3 -> #REF! | F3: power failure and BH2 Tripping
A4: Mai Mahiu | B4: 360 | C4: =B4*7 -> 2520 | D4: =production!#REF!+production!#REF!+production!#REF!+production!#REF!+production!#REF!+production!#REF!+production!#REF! -> #REF! | E4: =D4-C4 -> #REF! | F4: power failure
A5: Ngondi | B5: 15 | C5: =B5*7 -> 105 | D5: =production!#REF! -> #REF! | E5: =D5-C5 -> #REF!
A6: NIP | B6: 194 | C6: =B6*7 -> 1358 | D6: =production!#REF! -> #REF! | E6: =D6-C6 -> #REF!
A7: KARATI | B7: 3135 | C7: =B7*7 -> 21945 | D7: =production!#REF!+production!#REF!+production!#REF!+production!#REF!+production!#REF!+production!#REF!+production!#REF! -> #REF! | E7: =D7-C7 -> #REF! | F7: Max Daily-2760(weekly- 19320) | G7: Change of bulk meters
A8: Kinungi BH | B8: 5 | C8: =B8*7 -> 35 | D8: 0 | E8: =D8-C8 -> -35 | F8: not operational
A9: Nyonjoro | B9: 7 | C9: =B9*7 -> 49 | D9: =production!#REF! -> #REF! | E9: =D9-C9 -> #REF! | F9: ok
A10: Karati PP | B10: 3 | C10: =B10*7 -> 21 | D10: =production!#REF! -> #REF! | E10: =D10-C10 -> #REF! | F10: ok
A11: Ihindu | B11: 8 | C11: =B11*7 -> 56 | D11: 0 | E11: =D11-C11 -> -56 | F11: not yet handed over
C12: ='WEEKLY REPORT'!M152 -> 0
A14: SITE | B14: TARGETS | C14: WEEKLY TARGETS | D14: WEEKLY PRODUCTION | E14: DEFICIT ON TARGET | F14: REASONS FOR UNDER TARGET | G14: REMARKS
A15: DCK | B15: 287 | C15: =B15*7 -> 2009 | D15: =production!#REF! -> #REF! | E15: =D15-C15 -> #REF! | F15: indicated low water by control panel | G15: Rehabilitate the BH
A16: WWS | B16: 660 | C16: =B16*7 -> 4620 | D16: =production!#REF! -> #REF! | E16: =D16-C16 -> #REF! | F16: power failure and BH2 Tripping | I16: =0.8*38 -> 30.4
A17: Mai Mahiu | B17: 360 | C17: =B17*7 -> 2520 | D17: =production!#REF! -> #REF! | E17: =D17-C17 -> #REF! | F17: power failure ,weather change
A18: Ngondi | B18: 15 | C18: =B18*7 -> 105 | D18: =production!#REF! -> #REF! | E18: =D18-C18 -> #REF! | F18: weather change
A19: NIP | B19: 194 | C19: =B19*7 -> 1358 | D19: =production!#REF! -> #REF! | E19: =D19-C19 -> #REF! | F19: we have leakages on the rising main line
A20: KARATI | B20: 3135 | C20: =B20*7 -> 21945 | D20: =production!#REF! -> #REF! | E20: =D20-C20 -> #REF! | F20: Max Daily-2760(weekly- 19320)/Weather | G20: Change of bulk meters
A21: Kinungi BH | B21: 5 | C21: =B21*7 -> 35 | D21: =production!#REF! -> #REF! | E21: =D21-C21 -> #REF! | F21: not operational
A22: Nyonjoro | B22: 7 | C22: =B22*7 -> 49 | D22: =production!#REF! -> #REF! | E22: =D22-C22 -> #REF! | F22: change of weather
A23: Karati PP | B23: 3 | C23: =B23*7 -> 21 | D23: =production!#REF! -> #REF! | E23: =D23-C23 -> #REF! | F23: ok
A24: Ihindu | B24: 8 | C24: =B24*7 -> 56 | D24: 0 | E24: =D24-C24 -> -56 | F24: not yet handed over
A27: SITE | B27: TARGETS | C27: WEEKLY TARGETS | D27: WEEKLY PRODUCTION | E27: DEFICIT ON TARGET | F27: REASONS FOR UNDER TARGET | G27: REMARKS
A28: DCK | B28: 287 | C28: =B28*7 -> 2009 | D28: =production!#REF! -> #REF! | E28: =D28-C28 -> #REF! | F28: low Demand | G28: Rehabilitate the BH
A29: WWS | B29: 660 | C29: =B29*7 -> 4620 | D29: =production!#REF! -> #REF! | E29: =D29-C29 -> #REF! | F29: low Demand
A30: Mai Mahiu | B30: 360 | C30: =B30*7 -> 2520 | D30: =production!#REF! -> #REF! | E30: =D30-C30 -> #REF! | F30: low Demand/Power Failure
A31: Ngondi | B31: 15 | C31: =B31*7 -> 105 | D31: =production!#REF! -> #REF! | E31: =D31-C31 -> #REF! | F31: low Demand
A32: NIP | B32: 194 | C32: =B32*7 -> 1358 | D32: =production!#REF! -> #REF! | E32: =D32-C32 -> #REF! | F32: 0k
A33: KARATI | B33: 3135 | C33: =B33*7 -> 21945 | D33: =production!#REF! -> #REF! | E33: =D33-C33 -> #REF! | F33: low Demand | G33: Change of bulk meters
A34: Kinungi BH | B34: 5 | C34: =B34*7 -> 35 | D34: =production!#REF! -> #REF! | E34: =D34-C34 -> #REF! | F34: not operational
A35: Nyonjoro | B35: 7 | C35: =B35*7 -> 49 | D35: =production!#REF! -> #REF! | E35: =D35-C35 -> #REF! | F35: low Demand
A36: Karati PP | B36: 3 | C36: =B36*7 -> 21 | D36: =production!#REF! -> #REF! | E36: =D36-C36 -> #REF! | F36: ok
A37: Ihindu | B37: 8 | C37: =B37*7 -> 56 | E37: =D37-C37 -> -56 | F37: not yet handed over
A40: SITE | B40: TARGETS | C40: WEEKLY TARGETS | D40: WEEKLY PRODUCTION | E40: DEFICIT ON TARGET | F40: REASONS FOR UNDER TARGET | G40: REMARKS
A41: DCK | B41: 287 | C41: =B41*7 -> 2009 | D41: =production!#REF! -> #REF! | E41: =D41-C41 -> #REF! | F41: low Demand | G41: Rehabilitate the BH
A42: WWS | B42: 660 | C42: =B42*7 -> 4620 | D42: =production!#REF! -> #REF! | E42: =D42-C42 -> #REF! | F42: low Demand
A43: Mai Mahiu | B43: 360 | C43: =B43*7 -> 2520 | D43: =production!#REF! -> #REF! | E43: =D43-C43 -> #REF! | F43: low Demand/Power Failure
A44: Ngondi | B44: 15 | C44: =B44*7 -> 105 | D44: =production!#REF! -> #REF! | E44: =D44-C44 -> #REF! | F44: low Demand
A45: NIP | B45: 194 | C45: =B45*7 -> 1358 | D45: =production!#REF! -> #REF! | E45: =D45-C45 -> #REF! | F45: 0k
A46: KARATI | B46: 3135 | C46: =B46*7 -> 21945 | D46: =production!#REF! -> #REF! | E46: =D46-C46 -> #REF! | F46: low Demand | G46: Change of bulk meters
A47: Kinungi BH | B47: 5 | C47: =B47*7 -> 35 | D47: =production!#REF! -> #REF! | E47: =D47-C47 -> #REF! | F47: not operational
A48: Nyonjoro | B48: 7 | C48: =B48*7 -> 49 | D48: =production!#REF! -> #REF! | E48: =D48-C48 -> #REF! | F48: low Demand
A49: Karati PP | B49: 3 | C49: =B49*7 -> 21 | D49: =production!#REF! -> #REF! | E49: =D49-C49 -> #REF! | F49: ok
A50: Ihindu | B50: 8 | C50: =B50*7 -> 56 | E50: =D50-C50 -> -56 | F50: not yet handed over
A53: SITE | B53: TARGETS | C53: WEEKLY TARGETS | D53: WEEKLY PRODUCTION | E53: DEFICIT ON TARGET | F53: REASONS FOR UNDER TARGET | G53: REMARKS | H53: Week 48
A54: DCK | B54: 287 | C54: =B54*7 -> 2009 | D54: =production!#REF! -> #REF! | E54: =D54-C54 -> #REF! | F54: low Demand | G54: Rehabilitate the BH
A55: WWS | B55: 660 | C55: =B55*7 -> 4620 | D55: =production!#REF! -> #REF! | E55: =D55-C55 -> #REF! | F55: Bh1 not working resume 28th Nov 2023
A56: Mai Mahiu | B56: 360 | C56: =B56*7 -> 2520 | D56: =production!#REF! -> #REF! | E56: =D56-C56 -> #REF! | F56: Power failure(Phase failure affect production)
A57: Ngondi | B57: 15 | C57: =B57*7 -> 105 | D57: =production!#REF! -> #REF! | E57: =D57-C57 -> #REF! | F57: weather affect Production (solar)
A58: NIP | B58: 194 | C58: =B58*7 -> 1358 | D58: =production!#REF! -> #REF! | E58: =D58-C58 -> #REF! | F58: Longot tank under repair
A59: KARATI | B59: 3135 | C59: =B59*7 -> 21945 | D59: =production!#REF! -> #REF! | E59: =D59-C59 -> #REF! | F59: low Demand(kayole & mirera due to rain ) | G59: Change of bulk meters
A60: Kinungi BH | B60: 5 | C60: =B60*7 -> 35 | D60: =production!#REF! -> #REF! | E60: =D60-C60 -> #REF! | F60: not operational
A61: Nyonjoro | B61: 7 | C61: =B61*7 -> 49 | D61: =production!#REF! -> #REF! | E61: =D61-C61 -> #REF! | F61: low Demand
A62: Karati PP | B62: 3 | C62: =B62*7 -> 21 | D62: =production!#REF! -> #REF! | E62: =D62-C62 -> #REF! | F62: low Demand
A63: Ihindu | B63: 8 | C63: =B63*7 -> 56 | D63: 0 | E63: =D63-C63 -> -56 | F63: not yet handed over
A66: SITE | B66: TARGETS | C66: WEEKLY TARGETS | D66: WEEKLY PRODUCTION | E66: DEFICIT ON TARGET | F66: REASONS FOR UNDER TARGET | G66: REMARKS | H66: Week 49
A67: DCK | B67: 287 | C67: =B67*7 -> 2009 | D67: =production!#REF! -> #REF! | E67: =D67-C67 -> #REF! | F67: low Demand | G67: Rehabilitate the BH
A68: WWS | B68: 660 | C68: =B68*7 -> 4620 | D68: =production!#REF! -> #REF! | E68: =D68-C68 -> #REF! | F68: Normal
A69: Mai Mahiu | B69: 360 | C69: =B69*7 -> 2520 | D69: =production!#REF! -> #REF! | E69: =D69-C69 -> #REF! | F69: power cutoff
A70: Ngondi | B70: 15 | C70: =B70*7 -> 105 | D70: =production!#REF! -> #REF! | E70: =D70-C70 -> #REF! | F70: weather affect Production (solar)
A71: NIP | B71: 194 | C71: =B71*7 -> 1358 | D71: =production!#REF! -> #REF! | E71: =D71-C71 -> #REF! | F71: Longot tank under repair only 1 chamber
A72: KARATI | B72: 3135 | C72: =B72*7 -> 21945 | D72: =production!#REF! -> #REF! | E72: =D72-C72 -> #REF! | F72: Power loss and Burst raising main | G72: Change of bulk meters
A73: Kinungi BH | B73: 5 | C73: =B73*7 -> 35 | D73: =production!#REF! -> #REF! | E73: =D73-C73 -> #REF! | F73: not operational
A74: Nyonjoro | B74: 7 | C74: =B74*7 -> 49 | D74: =production!#REF! -> #REF! | E74: =D74-C74 -> #REF! | F74: low Demand
A75: Karati PP | B75: 3 | C75: =B75*7 -> 21 | D75: =production!#REF! -> #REF! | E75: =D75-C75 -> #REF! | F75: low Demand
A76: Ihindu | B76: 8 | C76: =B76*7 -> 56 | E76: =D76-C76 -> -56 | F76: not yet handed over
A78: SITE | B78: TARGETS | C78: WEEKLY TARGETS | D78: WEEKLY PRODUCTION | E78: DEFICIT ON TARGET | F78: REASONS FOR UNDER TARGET | G78: REMARKS | H78: Week 50
A79: DCK | B79: 287 | C79: 2009 | D79: =production!#REF! -> #REF! | E79: =D79-C79 -> #REF! | F79: burst on rising main
A80: WWS | B80: 660 | C80: 4620 | D80: =production!#REF! -> #REF! | E80: =D80-C80 -> #REF! | F80: power loss
A81: Mai Mahiu | B81: 360 | C81: 2520 | D81: =production!#REF! -> #REF! | E81: =D81-C81 -> #REF! | F81: power cutoff
A82: Ngondi | B82: 15 | C82: 105 | D82: =production!#REF! -> #REF! | E82: =D82-C82 -> #REF! | F82: weather affect Production (solar)
A83: NIP | B83: 194 | C83: 1358 | D83: =production!#REF! -> #REF! | E83: =D83-C83 -> #REF!
A84: KARATI | B84: 3135 | C84: 21945 | D84: =production!#REF! -> #REF! | E84: =D84-C84 -> #REF! | F84: Power loss and Burst raising main | G84: Change of bulk meters
A85: Kinungi BH | B85: 5 | C85: 35 | D85: =production!#REF! -> #REF! | E85: =D85-C85 -> #REF! | F85: not operational
A86: Nyonjoro | B86: 7 | C86: 49 | D86: =production!#REF! -> #REF! | E86: =D86-C86 -> #REF! | F86: weather affect Production (solar)
A87: Karati PP | B87: 3 | C87: 21 | D87: =production!#REF! -> #REF! | E87: =D87-C87 -> #REF!
A89: SITE | B89: TARGETS | C89: WEEKLY TARGETS | D89: WEEKLY PRODUCTION | E89: DEFICIT ON TARGET | F89: REASONS FOR UNDER TARGET | G89: REMARKS | H89: Week 51
A90: DCK | B90: 287 | C90: 2009 | D90: =production!#REF! -> #REF! | E90: =D90-C90 -> #REF! | F90: Burst
A91: WWS | B91: 660 | C91: 4620 | D91: =production!#REF! -> #REF! | E91: =D91-C91 -> #REF! | F91: bh2 tripping at night
A92: Mai Mahiu | B92: 360 | C92: 2520 | D92: =production!#REF! -> #REF! | E92: =D92-C92 -> #REF! | F92: power cutoff
A93: Ngondi | B93: 15 | C93: 105 | D93: =production!#REF! -> #REF! | E93: =D93-C93 -> #REF! | F93: weather affect Production (solar)
A94: NIP | B94: 194 | C94: 1358 | D94: =production!#REF! -> #REF! | E94: =D94-C94 -> #REF!
A95: KARATI | B95: 3135 | C95: 21945 | D95: =production!#REF! -> #REF! | E95: =D95-C95 -> #REF! | F95: Power loss and Burst raising main | G95: Change of bulk meters
A96: Kinungi BH | B96: 5 | C96: 35 | D96: =production!#REF! -> #REF! | E96: =D96-C96 -> #REF! | F96: not operational
A97: Nyonjoro | B97: 7 | C97: 49 | D97: =production!#REF! -> #REF! | E97: =D97-C97 -> #REF! | F97: weather affect Production (solar)
A98: Karati PP | B98: 3 | C98: 21 | D98: =production!#REF! -> #REF! | E98: =D98-C98 -> #REF!
A100: SITE | B100: TARGETS | C100: WEEKLY TARGETS | D100: WEEKLY PRODUCTION | E100: DEFICIT ON TARGET | F100: REASONS FOR UNDER TARGET | G100: REMARKS | H100: Week 52
A101: DCK | B101: 287 | C101: 2009 | D101: =production!#REF! -> #REF! | E101: =D101-C101 -> #REF! | F101: Burst
A102: WWS | B102: 660 | C102: 4620 | D102: =production!#REF! -> #REF! | E102: =D102-C102 -> #REF! | F102: bh2 tripping at night
A103: Mai Mahiu | B103: 360 | C103: 2520 | D103: =production!#REF! -> #REF! | E103: =D103-C103 -> #REF! | F103: power cutoff
A104: Ngondi | B104: 15 | C104: 105 | D104: =production!#REF! -> #REF! | E104: =D104-C104 -> #REF! | F104: weather affect Production (solar)
A105: NIP | B105: 194 | C105: 1358 | D105: =production!#REF! -> #REF! | E105: =D105-C105 -> #REF!
A106: KARATI | B106: 3135 | C106: 21945 | D106: =production!Q1 -> 0 | E106: =D106-C106 -> -21945 | F106: Power loss and Burst raising main | G106: Change of bulk meters
A107: Kinungi BH | B107: 5 | C107: 35 | D107: =production!#REF! -> #REF! | E107: =D107-C107 -> #REF! | F107: not operational
A108: Nyonjoro | B108: 7 | C108: 49 | D108: =production!Q3 -> 1253 | E108: =D108-C108 -> 1204 | F108: weather affect Production (solar)
A109: Karati PP | B109: 3 | C109: 21 | D109: =production!Q4 -> 4548 | E109: =D109-C109 -> 4527
A111: SITE | B111: TARGETS | C111: WEEKLY TARGETS | D111: WEEKLY PRODUCTION | E111: DEFICIT ON TARGET | F111: REASONS FOR UNDER TARGET | G111: REMARKS | H111: Week53
A112: DCK | B112: 287 | C112: 2009 | D112: =production!I3 -> 1592 | E112: =D112-C112 -> -417 | F112: Burst/power failure
A113: WWS | B113: 660 | C113: 4620 | D113: =production!I4 -> 4581 | E113: =D113-C113 -> -39 | F113: bh2 tripping at night
...

Sheet production
A1: Daily production sheet
A2: Site/Date | B2: 29th December | C2: 30th December | D2: 31st December | E2: 1st Jan | F2: 2nd Jan | G2: 3rd Jan | H2: 4th Jan | I2: week 1 Total | J2: 5th Jan | K2: 6th Jan | L2: 7th Jan | M2: 8th Jan | N2: 9th Jan | O2: 10th Jan | P2: 11th Jan | Q2: week 2 Total
A3: DCK | B3: 291 | C3: 244 | D3: 300 | E3: 223 | F3: 172 | G3: 161 | H3: 201 | I3: =SUM(B3:H3) -> 1592 | J3: 189 | K3: 169 | L3: 233 | M3: 213 | N3: 138 | O3: 208 | P3: 103 | Q3: =SUM(J3:P3) -> 1253 | S3: =133646-133512 -> 134
A4: WWS | B4: 606 | C4: 685 | D4: 689 | E4: 661 | F4: 625 | G4: 672 | H4: 643 | I4: =SUM(B4:H4) -> 4581 | J4: 656 | K4: 689 | L4: 654 | M4: 643 | N4: 650 | O4: 598 | P4: 658 | Q4: =SUM(J4:P4) -> 4548 | S4: =200130-200050 -> 80
A5: Mai Mahiu | B5: 130 | C5: 147 | D5: 149 | E5: 90 | F5: 144 | G5: 51 | H5: 181 | I5: =SUM(B5:H5) -> 892 | J5: 122 | K5: 155 | L5: 124 | M5: 145 | N5: 134 | O5: 69 | P5: 175 | Q5: =SUM(J5:P5) -> 924
A6: Ngondi | B6: 0 | C6: 0 | D6: 0 | E6: 0 | F6: 0 | G6: 0 | H6: 108 | I6: =SUM(B6:H6) -> 108 | J6: 0 | K6: 0 | L6: 0 | M6: 0 | N6: 0 | O6: 0 | P6: 28 | Q6: =SUM(J6:P6) -> 28
A7: NIP | B7: 0 | C7: 0 | D7: 0 | E7: 0 | F7: 0 | G7: 2296 | H7: 0 | I7: =SUM(B7:H7) -> 2296 | J7: 0 | K7: 0 | L7: 0 | M7: 0 | N7: 2190 | O7: 1150 | P7: 0 | Q7: =SUM(J7:P7) -> 3340
A8: Sub-Total | B8: =SUM(B3:B7) -> 1027 | C8: =SUM(C3:C7) -> 1076 | D8: =SUM(D3:D7) -> 1138 | E8: =SUM(E3:E7) -> 974 | F8: =SUM(F3:F7) -> 941 | G8: =SUM(G3:G7) -> 3180 | H8: =SUM(H3:H7) -> 1133 | I8: =SUM(I3:I7) -> 9469 | ... Q8: =SUM(Q3:Q7) -> 10093
A9: KARATI | B9: 2562 | C9: 2547 | D9: 2656 | E9: 2636 | F9: 2253 | G9: 2396 | H9: 2120 | I9: =SUM(B9:H9) -> 17170 | J9: 2349 | K9: 2605 | L9: 2495 | M9: 2715 | N9: 2689 | O9: 2196 | P9: 2208 | Q9: =SUM(J9:P9) -> 17257
A10: Kinungi BH | B10: 0 | C10: 0 | D10: 0 | E10: 0 | F10: 0 | G10: 0 | H10: 0 | I10: =SUM(B10:H10) -> 0 | J10: 0 | K10: 0 | L10: 0 | M10: 0 | N10: 0 | O10: 0 | P10: 0 | Q10: =SUM(J10:P10) -> 0
A11: Nyonjoro | B11: 0 | C11: 0 | D11: 0 | E11: 0 | F11: 0 | G11: 0 | H11: 27 | I11: =SUM(B11:H11) -> 27 | J11: 0 | K11: 0 | L11: 0 | M11: 0 | N11: 0 | O11: 0 | P11: 29 | Q11: =SUM(J11:P11) -> 29
A12: Karati PP | B12: 0 | C12: 0 | D12: 0 | E12: 0 | F12: 0 | G12: 0 | H12: 78 | I12: =SUM(B12:H12) -> 78 | J12: 0 | K12: 0 | L12: 0 | M12: 0 | N12: 0 | O12: 0 | P12: 45 | Q12: =SUM(J12:P12) -> 45
A13: Sub-Total | B13: =SUM(B9:B10) -> 2562 | C13: =SUM(C9:C12) -> 2547 | D13: =SUM(D9:D10) -> 2656 | E13: =SUM(E9:E12) -> 2636 | F13: =SUM(F9:F12) -> 2253 | G13: =SUM(G9:G12) -> 2396 | H13: =SUM(H9:H12) -> 2225 | I13: =SUM(I9:I12) -> 17275 | J13: =SUM(J9:J11) -> 2349 | K13: =SUM(K9:K12) -> 2605 | L13: =SUM(L9:L12) -> 2495 | M13: =SUM(M9:M11) -> 2715 | N13: =SUM(N9:N11) -> 2689 | O13: =SUM(O9:O11) -> 2196 | P13: =SUM(P9:P11) -> 2237 | Q13: =SUM(Q9:Q12) -> 17331
A14: AIC | B14: 693 | C14: 986 | D14: 952 | E14: 888 | F14: 307 | G14: 143 | H14: 180 | I14: =SUM(B14:H14) -> 4149 | J14: 184 | K14: 179 | L14: 785 | M14: 864 | N14: 301 | O14: 215 | P14: 239 | Q14: =SUM(J14:P14) -> 2767
A15: DTI | B15: 1700 | C15: 1264 | D15: 1870 | E15: 2069 | F15: 1496 | G15: 1630 | H15: 1669 | I15: =SUM(B15:H15) -> 11698 | J15: 1552 | K15: 1795 | L15: 1830 | M15: 1690 | N15: 1822 | O15: 1895 | P15: 1607 | Q15: =SUM(J15:P15) -> 12191
A16: Police Line | B16: 700 | C16: 710 | D16: 700 | E16: 600 | F16: 650 | G16: 750 | H16: 650 | I16: =SUM(B16:H16) -> 4760 | J16: 700 | K16: 700 | L16: 650 | M16: 400 | N16: 200 | O16: 250 | P16: 250 | Q16: =SUM(J16:P16) -> 3150
A17: Sub-Total | B17: =SUM(B14:B16) -> 3093 | C17: =SUM(C14:C16) -> 2960 | D17: =SUM(D14:D16) -> 3522 | E17: =SUM(E14:E16) -> 3557 | F17: =SUM(F14:F16) -> 2453 | G17: =SUM(G14:G16) -> 2523 | H17: =SUM(H14:H16) -> 2499 | I17: =SUM(I14:I16) -> 20607 | ... Q17: =SUM(Q14:Q16) -> 18108
A18: TOTAL | B18: =B8+B17+B13 -> 6682 | C18: =C8+C17+C13 -> 6583 | D18: =D8+D17+D13 -> 7316 | E18: =E8+E17+E13 -> 7167 | F18: =F8+F17+F13 -> 5647 | G18: =G8+G17+G13 -> 8099 | H18: =H8+H17+H13 -> 5857 | I18: =I8+I17+I13 -> 47351 | ... Q18: =Q8+Q17+Q13 -> 45532
A20: Daily production sheet
A21: Site/Date | B21: 12th Jan | C21: 13th Jan | D21: 14th Jan | E21: 15th Jan | F21: 16th Jan | G21: 17th Jan | H21: 18th Jan | I21: week 3 Total | J21: 19th Jan | K21: 20th Jan | L21: 21st Jan | M21: 22nd Jan | N21: 23rd Jan | O21: 24th Jan | P21: 25th Jan | Q21: week 4 Total
A22: DCK | B22: 140 | C22: 174 | D22: 203 | E22: 73 | F22: 210 | G22: 181 | H22: 203 | I22: =SUM(B22:H22) -> 1184 | J22: 80 | K22: 151 | L22: 240 | M22: 315 | N22: 308 | O22: 168 | P22: 289 | Q22: =SUM(J22:P22) -> 1551
A23: WWS | B23: 636 | C23: 623 | D23: 635 | E23: 677 | F23: 655 | G23: 599 | H23: 617 | I23: =SUM(B23:H23) -> 4442 | J23: 646 | K23: 691 | L23: 667 | M23: 698 | N23: 680 | O23: 650 | P23: 667 | Q23: =SUM(J23:P23) -> 4699
A24: Mai Mahiu | B24: 139 | C24: 57 | D24: 179 | E24: 156 | F24: 125 | G24: 157 | H24: 98 | I24: =SUM(B24:H24) -> 911 | J24: 147 | K24: 181 | L24: 130 | M24: 2 | N24: 0 | O24: 231 | P24: 79 | Q24: =SUM(J24:P24) -> 770
A25: Ngondi | B25: 0 | C25: 0 | D25: 0 | E25: 0 | F25: 0 | G25: 0 | H25: 14 | I25: =SUM(B25:H25) -> 14 | J25: 0 | K25: 0 | L25: 0 | M25: 0 | N25: 0 | O25: 0 | P25: 39 | Q25: =SUM(J25:P25) -> 39
A26: NIP | B26: 0 | C26: 0 | D26: 0 | E26: 0 | F26: 0 | G26: 0 | H26: 0 | I26: =SUM(B26:H26) -> 0 | J26: 0 | K26: 0 | L26: 0 | M26: 0 | N26: 2008 | O26: 1392 | P26: 0 | Q26: =SUM(J26:P26) -> 3400
A27: Sub-Total | B27: =SUM(B22:B26) -> 915 | C27: =SUM(C22:C26) -> 854 | D27: 0 | E27: =SUM(E22:E26) -> 906 | F27: =SUM(F22:F26) -> 990 | G27: =SUM(G22:G26) -> 937 | H27: =SUM(H22:H26) -> 932 | I27: =SUM(I22:I26) -> 6551 | J27: =SUM(J22:J26) -> 873 | K27: =SUM(K22:K26) -> 1023 | L27: =SUM(L22:L26) -> 1037 | ... Q27: =SUM(Q22:Q26) -> 10459
A28: KARATI | B28: 1923 | C28: 2145 | D28: 1977 | E28: 1819 | F28: 2127 | G28: 2370 | H28: 1979 | I28: =SUM(B28:H28) -> 14340 | J28: 2187 | K28: 2682 | L28: 1503 | M28: 847 | N28: 1644 | O28: 2858 | P28: 2795 | Q28: =SUM(J28:P28) -> 14516
A29: Kinungi BH | B29: 0 | C29: 0 | D29: 0 | E29: 0 | F29: 0 | G29: 0 | H29: 0 | I29: =SUM(B29:H29) -> 0 | J29: 0 | K29: 0 | L29: 0 | M29: 0 | N29: 0 | O29: 0 | P29: 0 | Q29: =SUM(J29:P29) -> 0
A30: Nyonjoro | B30: 0 | C30: 0 | D30: 0 | E30: 0 | F30: 0 | G30: 0 | H30: 39 | I30: =SUM(B30:H30) -> 39 | J30: 0 | K30: 0 | L30: 0 | M30: 0 | N30: 0 | O30: 0 | P30: 55 | Q30: =SUM(J30:P30) -> 55
A31: Karati PP | C31: 0 | D31: 0 | E31: 0 | F31: 0 | G31: 0 | H31: 33 | I31: =SUM(C31:H31) -> 33 | J31: 0 | K31: 0 | L31: 0 | M31: 0 | N31: 0 | O31: 0 | P31: 58 | Q31: =SUM(J31:P31) -> 58
A32: Sub-Total | B32: =SUM(B28:B31) -> 1923 | C32: =SUM(C28:C31) -> 2145 | D32: =SUM(D28:D29) -> 1977 | E32: =SUM(E28:E31) -> 1819 | F32: =SUM(F28:F31) -> 2127 | G32: =SUM(G28:G31) -> 2370 | H32: =SUM(H28:H31) -> 2051 | I32: =SUM(I28:I31) -> 14412 | J32: =SUM(J28:J30) -> 2187 | K32: =SUM(K28:K31) -> 2682 | L32: =SUM(L28:L31) -> 1503 | M32: =SUM(M28:M30) -> 847 | N32: =SUM(N28:N30) -> 1644 | O32: =SUM(O28:O30) -> 2858 | P32: =SUM(P28:P30) -> 2850 | Q32: =SUM(Q28:Q31) -> 14629
A33: AIC | B33: 169 | C33: 165 | D33: 164 | E33: 154 | F33: 180 | G33: 205 | H33: 141 | I33: =SUM(B33:H33) -> 1178 | J33: 178 | K33: 147 | L33: 155 | M33: 234 | N33: 221 | O33: 177 | P33: 217 | Q33: =SUM(J33:P33) -> 1329
A34: DTI | B34: 1860 | C34: 1829 | D34: 1380 | E34: 1997 | F34: 1228 | G34: 1658 | H34: 1787 | I34: =SUM(B34:H34) -> 11739 | J34: 1880 | K34: 1968 | L34: 1542 | M34: 1782 | N34: 1703 | O34: 1879 | P34: 1888 | Q34: =SUM(J34:P34) -> 12642
A35: Police Line | B35: 550 | C35: 600 | D35: 581 | E35: 703 | F35: 761 | G35: 700 | H35: 700 | I35: =SUM(B35:H35) -> 4595 | J35: 700 | K35: 700 | L35: 600 | M35: 750 | N35: 700 | O35: 550 | P35: 600 | Q35: =SUM(J35:P35) -> 4600
A36: Sub-Total | B36: =SUM(B33:B35) -> 2579 | C36: =SUM(C33:C35) -> 2594 | D36: =SUM(D33:D35) -> 2125 | E36: =SUM(E33:E35) -> 2854 | F36: =SUM(F33:F35) -> 2169 | G36: =SUM(G33:G35) -> 2563 | H36: =SUM(H33:H35) -> 2628 | I36: =SUM(I33:I35) -> 17512 | ... Q36: =SUM(Q33:Q35) -> 18571
A37: TOTAL | B37: =B27+B36+B32 -> 5417 | C37: =C27+C36+C32 -> 5593 | D37: =D27+D36+D32 -> 4102 | E37: =E27+E36+E32 -> 5579 | F37: =F27+F36+F32 -> 5286 | G37: =G27+G36+G32 -> 5870 | H37: =H27+H36+H32 -> 5611 | I37: =I27+I36+I32 -> 38475 | ... P37: =P27+P36+P32 -> 6629 | Q37: =A20:Q37+RQ4041+Q32 -> #VALUE!
A39: Daily production sheet
A40: Site/Date | B40: 26th Jan | C40: 27th Jan | D40: 28th Jan | E40: 29th Jan | F40: 30th Jan | G40: 31st Jan | H40: 1ST Feb | I40: week 5 Total | J40: 2nd Feb | K40: 3rd Feb | L40: 4th Feb | M40: 5th Feb | N40: 6th Feb | O40: 7th Feb | P40: 8th Feb | Q40: week 6 Total
A41: DCK | B41: 302 | C41: 274 | D41: 274 | E41: 259 | F41: 276 | G41: 198 | H41: 236 | I41: =SUM(B41:H41) -> 1819 | J41: 287 | K41: 329 | L41: 248 | M41: 255 | N41: 257 | O41: 252 | P41: 288 | Q41: =SUM(J41:P41) -> 1916
A42: WWS | B42: 621 | C42: 633 | D42: 633 | E42: 653 | F42: 656 | G42: 678 | H42: 653 | I42: =SUM(B42:H42) -> 4527 | J42: 593 | K42: 590 | L42: 655 | M42: 604 | N42: 639 | O42: 645 | P42: 629 | Q42: =SUM(J42:P42) -> 4355
A43: Mai Mahiu | B43: 211 | C43: 156 | D43: 134 | E43: 133 | F43: 140 | G43: 133 | H43: 131 | I43: =SUM(B43:H43) -> 1038 | J43: 134 | K43: 266 | L43: 127 | M43: 130 | N43: 129 | O43: 129 | P43: 100 | Q43: =SUM(J43:P43) -> 1015
A44: Ngondi | B44: 0 | C44: 0 | D44: 0 | E44: 0 | H44: 45 | I44: =SUM(B44:H44) -> 45 | J44: 0 | K44: 0 | L44: 0 | M44: 0 | N44: 0 | O44: 0 | P44: 68 | Q44: =SUM(J44:P44) -> 68
A45: NIP | B45: 0 | C45: 0 | D45: 0 | E45: 0 | F45: 2380 | I45: =SUM(B45:H45) -> 2380 | J45: 0 | K45: 0 | L45: 0 | M45: 0 | N45: 0 | O45: 0 | P45: 0 | Q45: =SUM(J45:P45) -> 0
A46: Sub-Total | B46: =SUM(B41:B45) -> 1134 | C46: =SUM(C41:C45) -> 1063 | D46: =SUM(D41:D45) -> 1041 | E46: =SUM(E41:E45) -> 1045 | F46: =SUM(F41:F45) -> 3452 | G46: =SUM(G41:G45) -> 1009 | H46: =SUM(H41:H45) -> 1065 | I46: =SUM(I41:I45) -> 9809 | ... Q46: =SUM(Q41:Q45) -> 7354
A47: KARATI | B47: 2709 | C47: 2859 | D47: 2841 | E47: 1948 | F47: 1777 | G47: 2079 | H47: 1509 | I47: =SUM(B47:H47) -> 15722 | J47: 2564 | K47: 2660 | L47: 2863 | M47: 3035 | N47: 2532 | O47: 2422 | P47: 2854 | Q47: =SUM(J47:P47) -> 18930
A48: Kinungi BH | B48: 0 | C48: 0 | D48: 0 | E48: 0 | F48: 0 | G48: 0 | H48: 0 | I48: =SUM(B48:H48) -> 0 | J48: 0 | K48: 0 | L48: 0 | M48: 0 | N48: 0 | P48: 0 | Q48: =SUM(J48:P48) -> 0
A49: Nyonjoro | B49: 0 | C49: 0 | D49: 0 | E49: 0 | F49: 0 | G49: 0 | H49: 0 | I49: 32 | J49: 0 | K49: 0 | L49: 0 | M49: 0 | N49: 0 | P49: 105 | Q49: =SUM(J49:P49) -> 105
A50: Karati PP | B50: 0 | C50: 0 | D50: 0 | E50: 0 | I50: 34 | J50: 0 | K50: 0 | L50: 0 | M50: 0 | N50: 0 | P50: 93 | Q50: =SUM(J50:P50) -> 93
A51: Sub-Total | B51: =SUM(B47:B50) -> 2709 | C51: =SUM(C47:C50) -> 2859 | D51: =SUM(D47:D48) -> 2841 | E51: =SUM(E47:E50) -> 1948 | F51: =SUM(F47:F50) -> 1777 | G51: =SUM(G47:G50) -> 2079 | H51: =SUM(H47:H50) -> 1509 | I51: =SUM(I47:I50) -> 15788 | J51: =SUM(J47:J49) -> 2564 | K51: =SUM(K47:K50) -> 2660 | L51: =SUM(L47:L50) -> 2863 | M51: =SUM(M47:M49) -> 3035 | N51: =SUM(N47:N49) -> 2532 | O51: =SUM(O47:O49) -> 2422 | P51: =SUM(P47:P49) -> 2959 | Q51: =SUM(Q47:Q50) -> 19128
A52: AIC | B52: 176 | C52: 191 | D52: 180 | E52: 208 | F52: 184 | G52: 206 | H52: 206 | I52: =SUM(B52:H52) -> 1351 | J52: 143 | K52: 252 | L52: 170 | M52: 199 | N52: 189 | O52: 196 | P52: 182 | Q52: =SUM(J52:P52) -> 1331
A53: DTI | B53: 1826 | C53: 1554 | D53: 1870 | E53: 2005 | F53: 1214 | G53: 1429 | H53: 1634 | I53: =SUM(B53:H53) -> 11532 | J53: 1780 | K53: 1779 | L53: 1797 | M53: 1824 | N53: 1867 | O53: 1702 | P53: 2076 | Q53: =SUM(J53:P53) -> 12825 | T53: s
A54: Police Line | B54: 500 | C54: 727 | D54: 600 | E54: 700 | F54: 520 | G54: 552 | H54: 657 | I54: =SUM(B54:H54) -> 4256 | J54: 700 | K54: 663 | L54: 675 | M54: 665 | N54: 671 | O54: 1169 | P54: 690 | Q54: =SUM(J54:P54) -> 5233
A55: Sub-Total | B55: =SUM(B52:B54) -> 2502 | C55: =SUM(C52:C54) -> 2472 | D55: =SUM(D52:D54) -> 2650 | E55: =SUM(E52:E54) -> 2913 | F55: =SUM(F52:F54) -> 1918 | G55: =SUM(G52:G54) -> 2187 | H55: =SUM(H52:H54) -> 2497 | I55: =SUM(I52:I54) -> 17139 | ... Q55: =SUM(Q52:Q54) -> 19389
A56: TOTAL | B56: =B46+B55+B51 -> 6345 | C56: =C46+C55+C51 -> 6394 | D56: =D46+D55+D51 -> 6532 | E56: =E46+E55+E51 -> 5906 | F56: =F46+F55+F51 -> 7147 | G56: =G46+G55+G51 -> 5275 | H56: =H46+H55+H51 -> 5071 | I56: =I46+I55+I51 -> 42736 | ... P56: =P46+P55+P51 -> 6992 | Q56: =A39:Q56+RQ4060+Q51 -> #VALUE!
A59: Daily production sheet
A60: Site/Date | B60: 9th feb | C60: 10th feb | D60: 11th feb | E60: 12th feb | F60: 13th feb | G60: 14th feb | H60: 15th feb | I60: week 7 TotaI | J60: 16th feb | K60: 17th feb | L60: 18th feb | M60: 19th feb | N60: 20th feb | O60: 21st feb | P60: 22nd feb | Q60: WEEK 8 tatol
A61: DCK | B61: 235 | C61: 263 | D61: 257 | E61: 239 | F61: 303 | G61: 265 | H61: 230 | I61: =SUM(B61:H61) -> 1792 | J61: 207 | K61: 240 | L61: 317 | M61: 209 | N61: 257 | O61: 221 | P61: 205 | Q61: =SUM(J61:P61) -> 1656
A62: WWS | B62: 637 | C62: 591 | D62: 690 | E62: 698 | F62: 654 | G62: 621 | H62: 611 | I62: =SUM(B62:H62) -> 4502 | J62: 643 | K62: 574 | L62: 622 | M62: 436 | N62: 679 | O62: 644 | P62: 623 | Q62: =SUM(J62:P62) -> 4221
A63: Mai Mahiu | B63: 137 | C63: 132 | D63: 130 | E63: 257 | F63: 127 | G63: 130 | H63: 123 | I63: =SUM(B63:H63) -> 1036 | J63: 128 | K63: 128 | L63: 126 | M63: 129 | N63: 128 | O63: 126 | P63: 69 | Q63: =SUM(J63:P63) -> 834
A64: Ngondi | B64: 0 | H64: 85 | I64: =SUM(B64:H64) -> 85 | M64: 0 | N64: 0 | O64: 0 | P64: 222 | Q64: =SUM(J64:P64) -> 222
A65: NIP | B65: 0 | H65: 6912 | I65: =SUM(B65:H65) -> 6912 | M65: 3029 | N65: 0 | O65: 0 | P65: 0 | Q65: =SUM(J65:P65) -> 3029
A66: Sub-Total | B66: =SUM(B61:B65) -> 1009 | C66: =SUM(C61:C65) -> 986 | D66: =SUM(D61:D65) -> 1077 | E66: =SUM(E61:E65) -> 1194 | F66: =SUM(F61:F65) -> 1084 | G66: =SUM(G61:G65) -> 1016 | H66: =SUM(H61:H65) -> 7961 | I66: =SUM(B66:H66) -> 14327 | J66: =SUM(J61:J65) -> 978 | K66: =SUM(K61:K65) -> 942 | L66: =SUM(L61:L65) -> 1065 | M66: =SUM(M61:M65) -> 3803 | N66: =SUM(N61:N65) -> 1064 | O66: =SUM(O61:O65) -> 991 | P66: =SUM(P61:P65) -> 1119 | Q66: =SUM(Q61:Q65) -> 9962
A67: KARATI | B67: 2840 | C67: 2656 | D67: 2643 | E67: 2853 | F67: 2761 | G67: 2940 | H67: 2747 | I67: =SUM(B67:H67) -> 19440 | J67: 2962 | K67: 2943 | L67: 2865 | M67: 1829 | N67: 2602 | O67: 2858 | P67: 2166 | Q67: =SUM(J67:P67) -> 18225
A68: Kinungi BH | B68: 0 | I68: =SUM(B68:H68) -> 0 | M68: 0 | N68: 0 | O68: 0 | P68: 0 | Q68: =SUM(J68:P68) -> 0
A69: Nyonjoro | B69: 0 | H69: 81 | I69: =SUM(B69:H69) -> 81 | M69: 0 | N69: 0 | O69: 0 | P69: 199 | Q69: =SUM(J69:P69) -> 199
A70: Karati PP | B70: 0 | H70: 84 | I70: =SUM(B70:H70) -> 84 | M70: 0 | N70: 0 | O70: 0 | P70: 156 | Q70: =SUM(J70:P70) -> 156
A71: Sub-Total | B71: =SUM(B67:B70) -> 2840 | C71: =SUM(C67:C70) -> 2656 | D71: =SUM(D67:D70) -> 2643 | E71: =SUM(E67:E70) -> 2853 | F71: =SUM(F67:F70) -> 2761 | G71: =SUM(G67:G70) -> 2940 | H71: =SUM(H67:H70) -> 2912 | I71: =SUM(B71:H71) -> 19605 | J71: =SUM(J67:J70) -> 2962 | K71: =SUM(K67:K70) -> 2943 | L71: =SUM(L67:L70) -> 2865 | M71: =SUM(M67:M70) -> 1829 | N71: =SUM(N67:N70) -> 2602 | O71: =SUM(O67:O70) -> 2858 | P71: =SUM(P67:P70) -> 2521 | Q71: =SUM(Q67:Q70) -> 18580
A72: AIC | B72: 142 | C72: 229 | D72: 257 | E72: 148 | F72: 309 | G72: 888 | H72: 904 | I72: =SUM(B72:H72) -> 2877 | J72: 311 | K72: 197 | L72: 408 | M72: 170 | N72: 188 | O72: 220 | P72: 189 | Q72: =SUM(J72:P72) -> 1683
A73: DTI | B73: 1146 | C73: 1920 | D73: 2090 | E73: 1680 | F73: 1738 | G73: 1437 | H73: 1872 | I73: =SUM(B73:H73) -> 11883 | J73: 1786 | K73: 1677 | L73: 1672 | M73: 1815 | N73: 1821 | O73: 1681 | P73: 1855 | Q73: =SUM(J73:P73) -> 12307
A74: Police Line | B74: 530 | C74: 682 | D74: 708 | E74: 657 | F74: 643 | G74: 605 | H74: 623 | I74: =SUM(B74:H74) -> 4448 | J74: 330 | K74: 693 | L74: 666 | M74: 605 | N74: 600 | O74: 600 | P74: 450 | Q74: =SUM(J74:P74) -> 3944
A75: Sub-Total | B75: =SUM(B72:B74) -> 1818 | C75: =SUM(C72:C74) -> 2831 | D75: =SUM(D72:D74) -> 3055 | E75: =SUM(E72:E74) -> 2485 | F75: =SUM(F72:F74) -> 2690 | G75: =SUM(G72:G74) -> 2930 | H75: =SUM(H72:H74) -> 3399 | I75: =SUM(B75:H75) -> 19208 | J75: =SUM(J72:J74) -> 2427 | K75: =SUM(K72:K74) -> 2567 | L75: =SUM(L72:L74) -> 2746 | M75: =SUM(M72:M74) -> 2590 | N75: =SUM(N72:N74) -> 2609 | O75: =SUM(O72:O74) -> 2501 | P75: =SUM(P72:P74) -> 2494 | Q75: =SUM(Q72:Q74) -> 17934
A76: TOTAL | B76: =B75+B71+B66 -> 5667 | C76: =C75+C71+C66 -> 6473 | D76: =D75+D71+D66 -> 6775 | E76: =E75+E71+E66 -> 6532 | F76: =F75+F71+F66 -> 6535 | G76: =G75+G71+G66 -> 6886 | H76: =H75+H71+H66 -> 14272 | I76: =SUM(B76:H76) -> 53140 | J76: =J75+J71+J66 -> 6367 | K76: =K75+K71+K66 -> 6452 | L76: =L75+L71+L66 -> 6676 | M76: =M75+M71+M66 -> 8222 | N76: =N75+N71+N66 -> 6275 | O76: =O75+O71+O66 -> 6350 | P76: =P75+P71+P66 -> 6134 | Q76: =Q75+Q71+Q66 -> 46476
A78: Daily production sheet
A79: Site/Date | B79: 23rd feb | C79: 24th feb | D79: 25th feb | E79: 26th feb | F79: 27th feb | G79: 28th feb | H79: 29th feb | I79: week 9 TotaI | J79: 1st March | K79: 2nd March | L79: 3rd March | M79: 4th March | N79: 5th March | O79: 6th March | P79: 7th March | Q79: WEEK 10 tatol
A80: DCK | B80: 265 | C80: 218 | D80: 321 | E80: 210 | F80: 213 | G80: 205 | H80: 241 | I80: =SUM(B80:H80) -> 1673 | J80: 201 | K80: 238 | L80: 211 | M80: 233 | N80: 268 | O80: 272 | P80: 205 | Q80: =SUM(J80:P80) -> 1628
A81: WWS | B81: 609 | C81: 653 | D81: 648 | E81: 633 | F81: 644 | G81: 627 | H81: 691 | I81: =SUM(B81:H81) -> 4505 | J81: 651 | K81: 671 | L81: 648 | M81: 627 | N81: 494 | O81: 659 | P81: 673 | Q81: =SUM(J81:P81) -> 4423
A82: Mai Mahiu | B82: 159 | C82: 132 | D82: 135 | E82: 128 | F82: 131 | G82: 127 | H82: 122 | I82: =SUM(B82:H82) -> 934 | J82: 129 | K82: 132 | L82: 127 | M82: 122 | N82: 129 | O82: 127 | P82: 128 | Q82: =SUM(J82:P82) -> 894
A83: Ngondi | B83: 0 | C83: 0 | D83: 0 | E83: 0 | F83: 0 | G83: 0 | H83: 75 | I83: =SUM(B83:H83) -> 75 | J83: 0 | K83: 0 | L83: 0 | M83: 0 | N83: 0 | O83: 0 | P83: 48 | Q83: =SUM(J83:P83) -> 48
A84: NIP | B84: 0 | C84: 0 | D84: 0 | E84: 0 | F84: 1140 | G84: 0 | H84: 0 | I84: =SUM(B84:H84) -> 1140 | J84: 0 | K84: 0 | L84: 0 | M84: 0 | N84: 0 | O84: 1488 | P84: 0 | Q84: =SUM(J84:P84) -> 1488
A85: Sub-Total | B85: =SUM(B80:B84) -> 1033 | C85: =SUM(C80:C84) -> 1003 | D85: =SUM(D80:D84) -> 1104 | E85: =SUM(E80:E84) -> 971 | F85: =SUM(F80:F84) -> 2128 | G85: =SUM(G80:G84) -> 959 | H85: =SUM(H80:H84) -> 1129 | I85: =SUM(B85:H85) -> 8327 | J85: =SUM(J80:J84) -> 981 | K85: =SUM(K80:K84) -> 1041 | L85: =SUM(L80:L84) -> 986 | M85: =SUM(M80:M84) -> 982 | N85: =SUM(N80:N84) -> 891 | O85: =SUM(O80:O84) -> 2546 | P85: =SUM(P80:P84) -> 1054 | Q85: =SUM(Q80:Q84) -> 8481
A86: KARATI | B86: 2850 | C86: 1874 | D86: 2911 | E86: 2937 | F86: 2709 | G86: 2579 | H86: 2249 | I86: =SUM(B86:H86) -> 18109 | J86: 2693 | K86: 2716 | L86: 2763 | M86: 2810 | N86: 2881 | O86: 2176 | P86: 2548 | Q86: =SUM(J86:P86) -> 18587
A87: Kinungi BH | B87: 0 | C87: 0 | D87: 0 | E87: 0 | F87: 0 | G87: 0 | H87: 0 | I87: =SUM(B87:H87) -> 0 | J87: 0 | K87: 0 | L87: 0 | M87: 0 | N87: 0 | O87: 0 | P87: 0 | Q87: =SUM(J87:P87) -> 0
A88: Nyonjoro | B88: 0 | C88: 0 | D88: 0 | E88: 0 | F88: 0 | G88: 0 | H88: 92 | I88: =SUM(B88:H88) -> 92 | J88: 0 | K88: 0 | L88: 0 | M88: 0 | N88: 0 | O88: 0 | P88: 46 | Q88: =SUM(J88:P88) -> 46
A89: Karati PP | B89: 0 | C89: 0 | D89: 0 | E89: 0 | F89: 0 | G89: 0 | H89: 56 | I89: =SUM(B89:H89) -> 56 | J89: 0 | K89: 0 | L89: 0 | M89: 0 | N89: 0 | O89: 0 | P89: 64 | Q89: =SUM(J89:P89) -> 64
A90: Sub-Total | B90: =SUM(B86:B89) -> 2850 | C90: =SUM(C86:C89) -> 1874 | D90: =SUM(D86:D89) -> 2911 | E90: =SUM(E86:E89) -> 2937 | F90: =SUM(F86:F89) -> 2709 | G90: =SUM(G86:G89) -> 2579 | H90: =SUM(H86:H89) -> 2397 | I90: =SUM(B90:H90) -> 18257 | J90: =SUM(J86:J89) -> 2693 | K90: =SUM(K86:K89) -> 2716 | L90: =SUM(L86:L89) -> 2763 | M90: =SUM(M86:M89) -> 2810 | N90: =SUM(N86:N89) -> 2881 | O90: =SUM(O86:O89) -> 2176 | P90: =SUM(P86:P89) -> 2658 | Q90: =SUM(Q86:Q89) -> 18697
A91: AIC | B91: 200 | C91: 866 | D91: 852 | E91: 878 | F91: 895 | G91: 209 | H91: 879 | I91: =SUM(B91:H91) -> 4779 | J91: 887 | K91: 886 | L91: 284 | M91: 128 | N91: 136 | O91: 290 | P91: 227 | Q91: =SUM(J91:P91) -> 2838
A92: DTI | B92: 1350 | C92: 1048 | D92: 1150 | E92: 940 | F92: 830 | G92: 920 | H92: 1050 | I92: =SUM(B92:H92) -> 7288 | J92: 1023 | K92: 1524 | L92: 1460 | M92: 1669 | N92: 2121 | O92: 1380 | P92: 2107 | Q92: =SUM(J92:P92) -> 11284
A93: Police Line | B93: 400 | C93: 500 | D93: 600 | E93: 750 | F93: 700 | G93: 600 | H93: 700 | I93: =SUM(B93:H93) -> 4250 | J93: 701 | K93: 330 | L93: 600 | M93: 750 | N93: 261 | O93: 639 | P93: 645 | Q93: =SUM(J93:P93) -> 3926
A94: Sub-Total | B94: =SUM(B91:B93) -> 1950 | C94: =SUM(C91:C93) -> 2414 | D94: =SUM(D91:D93) -> 2602 | E94: =SUM(E91:E93) -> 2568 | F94: =SUM(F91:F93) -> 2425 | G94: =SUM(G91:G93) -> 1729 | H94: =SUM(H91:H93) -> 2629 | I94: =SUM(B94:H94) -> 16317 | J94: =SUM(J91:J93) -> 2611 | K94: =SUM(K91:K93) -> 2740 | L94: =SUM(L91:L93) -> 2344 | M94: =SUM(M91:M93) -> 2547 | N94: =SUM(N91:N93) -> 2518 | O94: =SUM(O91:O93) -> 2309 | P94: =SUM(P91:P93) -> 2979 | Q94: =SUM(Q91:Q93) -> 18048
A95: TOTAL | B95: =B94+B90+B85 -> 5833 | C95: =C94+C90+C85 -> 5291 | D95: =D94+D90+D85 -> 6617 | E95: =E94+E90+E85 -> 6476 | F95: =F94+F90+F85 -> 7262 | G95: =G94+G90+G85 -> 5267 | H95: =H94+H90+H85 -> 6155 | I95: =SUM(B95:H95) -> 42901 | J95: =J94+J90+J85 -> 6285 | K95: =K94+K90+K85 -> 6497 | L95: =L94+L90+L85 -> 6093 | M95: =M94+M90+M85 -> 6339 | N95: =N94+N90+N85 -> 6290 | O95: =O94+O90+O85 -> 7031 | P95: =P94+P90+P85 -> 6691 | Q95: =Q94+Q90+Q85 -> 45226
A97: Daily production sheet
A98: Site/Date | B98: 8th March | C98: 9th March | D98: 10th March | E98: 11th March | F98: 12th March | G98: 13th March | H98: 14th March | I98: week 11 TotaI | J98: 15th March | K98: 16th March | L98: 17th March | M98: 18th March | N98: 19th March | O98: 20th March | P98: 21st March | Q98: WEEK 12 tatol
A99: DCK | B99: 222 | C99: 186 | D99: 230 | E99: 209 | F99: 272 | G99: 232 | H99: 281 | I99: =SUM(B99:H99) -> 1632 | J99: 275 | K99: 311 | L99: 225 | M99: 300 | N99: 338 | O99: 377 | P99: 234 | Q99: =SUM(J99:P99) -> 2060
A100: WWS | B100: 680 | C100: 620 | D100: 685 | E100: 361 | F100: 705 | G100: 681 | H100: 633 | I100: =SUM(B100:H100) -> 4365 | J100: 613 | K100: 632 | L100: 574 | M100: 689 | N100: 647 | O100: 647 | P100: 679 | Q100: =SUM(J100:P100) -> 4481
A101: Mai Mahiu | B101: 129 | C101: 127 | D101: 126 | E101: 91 | F101: 148 | G101: 133 | H101: 100 | I101: =SUM(B101:H101) -> 854 | J101: 135 | K101: 136 | L101: 127 | M101: 128 | N101: 15 | O101: 1 | P101: 95 | Q101: =SUM(J101:P101) -> 637
A102: Ngondi | B102: 0 | C102: 0 | D102: 0 | E102: 0 | F102: 0 | G102: 0 | H102: 337 | I102: =SUM(B102:H102) -> 337 | J102: 0 | K102: 0 | L102: 0 | M102: 0 | N102: 0 | O102: 0 | P102: 349 | Q102: =SUM(J102:P102) -> 349
A103: NIP | B103: 2200 | C103: 0 | D103: 0 | E103: 0 | F103: 0 | G103: 0 | H103: 0 | I103: =SUM(B103:H103) -> 2200 | J103: 1507 | K103: 887 | L103: 0 | M103: 0 | N103: 0 | O103: 0 | P103: 0 | Q103: =SUM(J103:P103) -> 2394
A104: Sub-Total | B104: =SUM(B99:B103) -> 3231 | C104: =SUM(C99:C103) -> 933 | D104: =SUM(D99:D103) -> 1041 | E104: =SUM(E99:E103) -> 661 | F104: =SUM(F99:F103) -> 1125 | G104: =SUM(G99:G103) -> 1046 | H104: =SUM(H99:H103) -> 1351 | I104: =SUM(B104:H104) -> 9388 | J104: =SUM(J99:J103) -> 2530 | K104: =SUM(K99:K103) -> 1966 | L104: =SUM(L99:L103) -> 926 | M104: =SUM(M99:M103) -> 1117 | N104: =SUM(N99:N103) -> 1000 | O104: =SUM(O99:O103) -> 1025 | P104: =SUM(P99:P103) -> 1357 | Q104: =SUM(Q99:Q103) -> 9921
A105: KARATI | B105: 2491 | C105: 2288 | D105: 2270 | E105: 2771 | F105: 2642 | G105: 2673 | H105: 2678 | I105: =SUM(B105:H105) -> 17813 | J105: 2742 | K105: 2720 | L105: 2357 | M105: 2949 | N105: 2160 | O105: 2536 | P105: 2692 | Q105: =SUM(J105:P105) -> 18156
A106: Kinungi BH | B106: 0 | C106: 0 | D106: 0 | E106: 0 | F106: 0 | G106: 0 | H106: 0 | I106: =SUM(B106:H106) -> 0 | J106: 0 | K106: 0 | L106: 0 | M106: 0 | N106: 0 | O106: 0 | P106: 0 | Q106: =SUM(J106:P106) -> 0
...

Sheet Regions
A1: Daily production sheet
A2: Site/Date | B2: 29th December | C2: 30th December | D2: 31st December | E2: 1st Jan | F2: 2nd Jan | G2: 3rd Jan | H2: 4th Jan | I2: week 1 Total | J2: 5th Jan | K2: 6th Jan | L2: 7th Jan | M2: 8th Jan | N2: 9th Jan | O2: 10th Jan | P2: 11th Jan | Q2: week 2 Total
A3: DCK | B3: 291 | C3: 244 | D3: 300 | E3: 223 | F3: 172 | G3: 161 | H3: 201 | I3: =SUM(B3:H3) -> 1592 | J3: 189 | K3: 169 | L3: 233 | M3: 213 | N3: 138 | O3: 208 | P3: 103 | Q3: =SUM(J3:P3) -> 1253
A4: WWS+Karati (Mirera) | B4: 724 | C4: 915 | D4: 1132 | E4: 936 | F4: 927 | G4: 1004 | H4: 982 | I4: =SUM(B4:H4) -> 6620 | J4: 789 | K4: 1130 | L4: 1118 | M4: 945 | N4: 935 | O4: 942 | P4: 700 | Q4: =SUM(J4:P4) -> 6559
A5: Mai Mahiu | B5: 130 | C5: 147 | D5: 149 | E5: 90 | F5: 144 | G5: 51 | H5: 181 | I5: =SUM(B5:H5) -> 892 | J5: 122 | K5: 155 | L5: 124 | M5: 145 | N5: 134 | O5: 69 | P5: 175 | Q5: =SUM(J5:P5) -> 924
A6: Ngondi | B6: 0 | C6: 0 | D6: 0 | E6: 0 | F6: 0 | G6: 0 | H6: 108 | I6: =SUM(B6:H6) -> 108 | J6: 0 | K6: 0 | L6: 0 | M6: 0 | N6: 0 | O6: 0 | P6: 28 | Q6: =SUM(J6:P6) -> 28
A7: NIP | B7: 0 | C7: 0 | D7: 0 | E7: 0 | F7: 0 | G7: 2296 | H7: 0 | I7: =SUM(B7:H7) -> 2296 | J7: 0 | K7: 0 | L7: 0 | M7: 0 | N7: 0 | O7: 1150 | P7: 0 | Q7: =SUM(J7:P7) -> 1150
A8: Southern | B8: =B5+B4+B3+B7 -> 1145 | C8: =C5+C4+C3+C7 -> 1306 | D8: =D5+D4+D3+D7 -> 1581 | E8: =E5+E4+E3+E7 -> 1249 | F8: =F5+F4+F3+F7 -> 1243 | G8: =G5+G4+G3+G7 -> 3512 | H8: =H5+H4+H3+H7 -> 1364 | I8: =SUM(B8:H8) -> 11400 | J8: =SUM(J3:J7) -> 1100 | K8: =SUM(K3:K7) -> 1454 | L8: =SUM(L3:L7) -> 1475 | M8: =SUM(M3:M7) -> 1303 | N8: =SUM(N3:N7) -> 1207 | O8: =SUM(O3:O7) -> 2369 | P8: =SUM(P3:P7) -> 1006 | Q8: =SUM(J8:P8) -> 9914
A9: WWS+KARATI( Kayole) | B9: 1178 | C9: 1257 | D9: 1082 | E9: 1076 | F9: 997 | G9: 1075 | H9: 994 | I9: =SUM(B9:H9) -> 7659 | J9: 1060 | K9: 1136 | L9: 1127 | M9: 1282 | N9: 928 | O9: 1017 | P9: 1001 | Q9: =SUM(J9:P9) -> 7551
A10: Kinungi BH | B10: 0 | C10: 0 | D10: 0 | E10: 0 | F10: 0 | G10: 0 | H10: 0 | I10: =SUM(B10:H10) -> 0 | J10: 0 | K10: 0 | L10: 0 | M10: 0 | N10: 0 | O10: 0 | P10: 0 | Q10: =SUM(J10:P10) -> 0
A11: Nyonjoro | B11: 0 | C11: 0 | D11: 0 | E11: 0 | F11: 0 | G11: 0 | H11: 27 | I11: =SUM(B11:H11) -> 27 | J11: 0 | K11: 0 | L11: 0 | M11: 0 | N11: 0 | O11: 0 | P11: 29 | Q11: =SUM(J11:P11) -> 29
A12: Karati PP | B12: 0 | C12: 0 | D12: 0 | E12: 0 | F12: 0 | G12: 0 | H12: 78 | I12: =SUM(B12:H12) -> 78 | J12: 0 | K12: 0 | L12: 0 | M12: 0 | N12: 0 | O12: 0 | P12: 45 | Q12: =SUM(J12:P12) -> 45
A13: Eastern | B13: =SUM(B9:B11) -> 1178 | C13: =SUM(C9:C11) -> 1257 | D13: =SUM(D9:D11) -> 1082 | E13: =SUM(E9:E11) -> 1076 | F13: =SUM(F9:F11) -> 997 | G13: =G9 -> 1075 | H13: =H12+H11+H9 -> 1099 | I13: =SUM(I9:I11) -> 7686 | J13: =SUM(J9:J11) -> 1060 | K13: =SUM(K9:K11) -> 1136 | L13: =SUM(L9:L11) -> 1127 | M13: =SUM(M9:M11) -> 1282 | N13: =SUM(N9:N11) -> 928 | O13: =SUM(O9:O11) -> 1017 | P13: =SUM(P9:P11) -> 1030 | Q13: =SUM(Q9:Q11) -> 7580
A14: AIC | B14: 693 | C14: 986 | D14: 952 | E14: 888 | F14: 307 | G14: 143 | H14: 180 | I14: =SUM(B14:H14) -> 4149 | J14: 184 | K14: 179 | L14: 785 | M14: 864 | N14: 301 | O14: 215 | P14: 239 | Q14: =SUM(J14:P14) -> 2767
A15: DTI | B15: 1700 | C15: 1264 | D15: 1870 | E15: 2069 | F15: 1496 | G15: 1630 | H15: 1669 | I15: =SUM(B15:H15) -> 11698 | J15: 1552 | K15: 1795 | L15: 1830 | M15: 1690 | N15: 1822 | O15: 1895 | P15: 1607 | Q15: =SUM(J15:P15) -> 12191
A16: Police Line | B16: 700 | C16: 710 | D16: 700 | E16: 600 | F16: 650 | G16: 750 | H16: 650 | I16: =SUM(B16:H16) -> 4760 | J16: 700 | K16: 700 | L16: 700 | M16: 400 | N16: 200 | O16: 250 | P16: 250 | Q16: =SUM(J16:P16) -> 3200
A17: WWS+Karati (L.V) | B17: 1240 | C17: 953 | D17: 1092 | E17: 1063 | F17: 986 | G17: 893 | H17: 869 | I17: =SUM(B17:H17) -> 7096 | J17: 942 | K17: 920 | L17: 888 | M17: 989 | N17: 950 | O17: 940 | P17: 886 | Q17: =SUM(J17:P17) -> 6515
A18: Central BL | B18: =SUM(B14:B17) -> 4333 | C18: =SUM(C14:C17) -> 3913 | D18: =SUM(D14:D17) -> 4614 | E18: =SUM(E14:E17) -> 4620 | F18: =SUM(F14:F17) -> 3439 | G18: =G17+G16+G15+G14 -> 3416 | H18: =SUM(H14:H17) -> 3368 | I18: =SUM(I14:I17) -> 27703 | J18: =SUM(J14:J17) -> 3378 | K18: =SUM(K14:K17) -> 3594 | L18: =SUM(L14:L17) -> 4203 | M18: =SUM(M14:M17) -> 3943 | N18: =SUM(N14:N17) -> 3273 | O18: =SUM(O14:O17) -> 3300 | ... Q18: =SUM(Q14:Q17) -> 24673
B19: =B8+B13+B18 -> 6656 | C19: =C8+C13+C18 -> 6476 | D19: =D8+D13+D18 -> 7277 | E19: =E8+E13+E18 -> 6945 | F19: =F8+F13+F18 -> 5679 | G19: =G8+G13+G18 -> 8003 | H19: =H8+H13+H18 -> 5831 | I19: =I8+I13+I18 -> 46789 | ... Q19: =Q8+Q13+Q18 -> 42167
B20: =production!B18 -> 6682 | C20: =production!C18 -> 6583 | D20: =production!D18 -> 7316 | E20: =production!E18 -> 7167 | F20: =production!F18 -> 5647 | G20: =production!G18 -> 8099 | H20: =production!H18 -> 5857 | I20: =SUM(B20:H20) -> 47351 | J20: =production!J24 -> 147 | K20: =production!K24 -> 181 | L20: =production!L24 -> 130 | M20: =production!M24 -> 2 | N20: =production!N24 -> 0 | O20: =production!O24 -> 231 | P20: =production!P24 -> 79 | Q20: =production!Q24 -> 770
B21: =B20-B19 -> 26 | C21: =C20-C19 -> 107 | D21: =D20-D19 -> 39 | E21: =E20-E19 -> 222 | F21: =F20-F19 -> -32 | G21: =G20-G19 -> 96 | H21: =H20-H19 -> 26 | I21: =I20-I19 -> 562 | ... Q21: =Q20-Q19 -> -41397
A23: Daily production sheet
A24: Site/Date | B24: 12th Jan | C24: 13th Jan | D24: 14th Jan | E24: 15th Jan | F24: 16th Jan | G24: 17th Jan | H24: 18th Jan | I24: week 3 Total | J24: 19th Jan | K24: 20th Jan | L24: 21st Jan | M24: 22nd Jan | N24: 23rd Jan | O24: 24th Jan | P24: 25th Jan | Q24: week 4 Total
A25: DCK | B25: 140 | C25: 174 | D25: 203 | E25: 73 | F25: 210 | G25: 181 | H25: 203 | I25: =SUM(B25:H25) -> 1184 | J25: 80 | K25: 151 | L25: 240 | M25: 315 | N25: 308 | O25: 168 | P25: 289 | Q25: =SUM(J25:P25) -> 1551
A26: WWS+Karati (Mirera) | B26: 775 | C26: 765 | D26: 728 | E26: 706 | F26: 827 | G26: 857 | H26: 747 | I26: =SUM(B26:H26) -> 5405 | J26: 885 | K26: 917 | L26: 747 | M26: 39 | N26: 365 | O26: 1224 | P26: 1077 | Q26: =SUM(J26:P26) -> 5254
A27: Mai Mahiu | B27: 139 | C27: 57 | D27: 179 | E27: 156 | F27: 125 | G27: 157 | H27: 98 | I27: =SUM(B27:H27) -> 911 | J27: 147 | K27: 181 | L27: 130 | M27: 2 | N27: 0 | O27: 231 | P27: 79 | Q27: =SUM(J27:P27) -> 770
A28: Ngondi | G28: 0 | H28: 14 | I28: =SUM(B28:H28) -> 14 | J28: 0 | K28: 0 | L28: 0 | M28: 0 | N28: 0 | O28: 0 | P28: 39 | Q28: =SUM(J28:P28) -> 39
A29: NIP | G29: 0 | H29: 0 | I29: =SUM(B29:H29) -> 0 | J29: 0 | K29: 0 | L29: 0 | M29: 0 | N29: 2008 | O29: 1392 | P29: 0 | Q29: =SUM(J29:P29) -> 3400
A30: Southern | B30: =B27+B26+B25+B29 -> 1054 | C30: =C27+C26+C25+C29 -> 996 | D30: =D27+D26+D25+D29 -> 1110 | E30: =E27+E26+E25+E29 -> 935 | F30: =F27+F26+F25+F29 -> 1162 | G30: =G27+G26+G25+G29 -> 1195 | H30: =H27+H26+H25+H29 -> 1048 | I30: =SUM(B30:H30) -> 7500 | J30: =SUM(J25:J29) -> 1112 | K30: =SUM(K25:K29) -> 1249 | L30: =SUM(L25:L29) -> 1117 | M30: =SUM(M25:M29) -> 356 | N30: =SUM(N25:N29) -> 2681 | O30: =SUM(O25:O29) -> 3015 | P30: =SUM(P25:P29) -> 1484 | Q30: =SUM(J30:P30) -> 11014
A31: WWS+KARATI( Kayole) | B31: 1042 | C31: 822 | D31: 1040 | E31: 948 | F31: 1046 | G31: 957 | H31: 1088 | I31: =SUM(B31:H31) -> 6943 | J31: 952 | K31: 1129 | L31: 720 | M31: 397 | N31: 568 | O31: 1304 | P31: 1387 | Q31: =SUM(J31:P31) -> 6457
A32: Kinungi BH | G32: 0 | H32: 0 | I32: =SUM(B32:H32) -> 0 | J32: 0 | K32: 0 | L32: 0 | M32: 0 | N32: 0 | O32: 0 | P32: 0 | Q32: =SUM(J32:P32) -> 0
A33: Nyonjoro | G33: 0 | H33: 39 | I33: =SUM(B33:H33) -> 39 | J33: 0 | K33: 0 | L33: 0 | M33: 0 | N33: 0 | O33: 0 | P33: 55 | Q33: =SUM(J33:P33) -> 55
A34: Karati PP | G34: 0 | H34: 33 | I34: =SUM(B34:H34) -> 33 | J34: 0 | K34: 0 | L34: 0 | M34: 0 | N34: 0 | O34: 0 | P34: 58 | Q34: =SUM(J34:P34) -> 58
A35: Eastern | B35: =SUM(B31:B33) -> 1042 | C35: =SUM(C31:C33) -> 822 | D35: =SUM(D31:D33) -> 1040 | E35: =SUM(E31:E33) -> 948 | F35: =SUM(F31:F33) -> 1046 | G35: =G31 -> 957 | H35: =H34+H33+H31 -> 1160 | I35: =SUM(I31:I33) -> 6982 | J35: =SUM(J31:J33) -> 952 | K35: =SUM(K31:K33) -> 1129 | L35: =SUM(L31:L33) -> 720 | M35: =SUM(M31:M33) -> 397 | N35: =SUM(N31:N33) -> 568 | O35: =SUM(O31:O33) -> 1304 | P35: =SUM(P31:P33) -> 1442 | Q35: =SUM(Q31:Q33) -> 6512
A36: AIC | B36: 169 | C36: 165 | D36: 164 | E36: 154 | F36: 180 | G36: 205 | H36: 141 | I36: =SUM(B36:H36) -> 1178 | J36: 178 | K36: 147 | L36: 155 | M36: 234 | N36: 221 | O36: 177 | P36: 217 | Q36: =SUM(J36:P36) -> 1329
A37: DTI | B37: 1860 | C37: 1829 | D37: 1380 | E37: 1997 | F37: 1228 | G37: 1658 | H37: 1787 | I37: =SUM(B37:H37) -> 11739 | J37: 1880 | K37: 1968 | L37: 1542 | M37: 1882 | N37: 1703 | O37: 1879 | P37: 1888 | Q37: =SUM(J37:P37) -> 12742
A38: Police Line | B38: 550 | C38: 600 | D38: 581 | E38: 703 | F38: 761 | G38: 700 | H38: 700 | I38: =SUM(B38:H38) -> 4595 | J38: 700 | K38: 700 | L38: 600 | M38: 750 | N38: 700 | O38: 550 | P38: 600 | Q38: =SUM(J38:P38) -> 4600
A39: WWS+Karati (L.V) | B39: 826 | C39: 832 | D39: 850 | E39: 877 | F39: 825 | G39: 903 | H39: 802 | I39: =SUM(B39:H39) -> 5915 | J39: 987 | K39: 1085 | L39: 830 | M39: 907 | N39: 762 | O39: 1038 | P39: 1028 | Q39: =SUM(J39:P39) -> 6637
A40: Central BL | B40: =SUM(B36:B39) -> 3405 | C40: =SUM(C36:C39) -> 3426 | D40: =SUM(D36:D39) -> 2975 | E40: =SUM(E36:E39) -> 3731 | F40: =SUM(F36:F39) -> 2994 | G40: =G39+G38+G37+G36 -> 3466 | H40: =SUM(H36:H39) -> 3430 | I40: =SUM(I36:I39) -> 23427 | J40: =SUM(J36:J39) -> 3745 | K40: =SUM(K36:K39) -> 3900 | L40: =SUM(L36:L39) -> 3127 | M40: =SUM(M36:M39) -> 3773 | N40: =SUM(N36:N39) -> 3386 | O40: =SUM(O36:O39) -> 3644 | ... Q40: =SUM(Q36:Q39) -> 25308
B41: =B30+B35+B40 -> 5501 | C41: =C30+C35+C40 -> 5244 | D41: =D30+D35+D40 -> 5125 | E41: =E30+E35+E40 -> 5614 | F41: =F30+F35+F40 -> 5202 | G41: =G30+G35+G40 -> 5618 | H41: =H30+H35+H40 -> 5638 | I41: =I30+I35+I40 -> 37909 | ... Q41: =Q30+Q35+Q40 -> 42834
B42: =production!B37 -> 5417 | C42: =production!C37 -> 5593 | D42: =production!D37 -> 4102 | E42: =production!E37 -> 5579 | F42: =production!F37 -> 5286 | G42: =production!G37 -> 5870 | H42: =production!H37 -> 5611 | I42: =SUM(B42:H42) -> 37458 | J42: =production!J37 -> 5818 | K42: =production!K37 -> 6520 | L42: =production!L37 -> 4837 | M42: =production!M37 -> 4628 | N42: =production!N37 -> 7264 | O42: =production!O37 -> 7905 | P42: =production!P37 -> 6629 | Q42: =production!Q37 -> #VALUE!
B43: =B42-B41 -> -84 | C43: =C42-C41 -> 349 | D43: =D42-D41 -> -1023 | E43: =E42-E41 -> -35 | F43: =F42-F41 -> 84 | G43: =G42-G41 -> 252 | H43: =H42-H41 -> -27 | I43: =I42-I41 -> -451 | ... Q43: =Q42-Q41 -> #VALUE!
A45: Daily production sheet
A46: Site/Date | B46: 26th Jan | C46: 27th Jan | D46: 28th Jan | E46: 29th Jan | F46: 30th Jan | G46: 31st Jan | H46: 1st Feb | I46: week 5 Total | J46: 2nd Feb | K46: 3rd Feb | L46: 4th Feb | M46: 5th Feb | N46: 6th Feb | O46: 7th Feb | P46: 8th Feb | Q46: week 6 Total
A47: DCK | B47: 302 | C47: 274 | D47: 274 | E47: 259 | F47: 276 | G47: 198 | H47: 236 | I47: =SUM(B47:H47) -> 1819 | J47: 287 | K47: 329 | L47: 248 | M47: 255 | N47: 257 | O47: 252 | P47: 288 | Q47: =SUM(J47:P47) -> 1916
A48: WWS+Karati (Mirera) | B48: 912 | C48: 1180 | D48: 1044 | E48: 518 | F48: 663 | G48: 651 | H48: 802 | I48: =SUM(B48:H48) -> 5770 | J48: 1154 | K48: 937 | L48: 874 | M48: 645 | N48: 1070 | O48: 707 | P48: 1263 | Q48: =SUM(J48:P48) -> 6650
A49: Mai Mahiu | B49: 211 | C49: 156 | D49: 134 | E49: 133 | F49: 140 | G49: 133 | H49: 131 | I49: =SUM(B49:H49) -> 1038 | K49: 266 | L49: 127 | M49: 130 | N49: 129 | O49: 129 | P49: 100 | Q49: =SUM(J49:P49) -> 881
A50: Ngondi | B50: 0 | C50: 0 | D50: 0 | E50: 0 | G50: 0 | H50: 45 | I50: =SUM(B50:H50) -> 45 | J50: 0 | K50: 0 | L50: 0 | M50: 0 | N50: 0 | O50: 0 | P50: 68 | Q50: =SUM(J50:P50) -> 68
A51: NIP | B51: 0 | C51: 0 | D51: 0 | E51: 0 | F51: 2380 | G51: 0 | H51: 0 | I51: =SUM(B51:H51) -> 2380 | J51: 0 | K51: 0 | L51: 0 | M51: 0 | N51: 0 | O51: 0 | P51: 0 | Q51: =SUM(J51:P51) -> 0
A52: Southern | B52: =B49+B48+B47+B51 -> 1425 | C52: =C49+C48+C47+C51 -> 1610 | D52: =D49+D48+D47+D51 -> 1452 | E52: =E49+E48+E47+E51 -> 910 | F52: =F49+F48+F47+F51 -> 3459 | G52: =G49+G48+G47+G51 -> 982 | H52: =H49+H48+H47+H51 -> 1169 | I52: =SUM(B52:H52) -> 11007 | J52: =SUM(J47:J51) -> 1441 | K52: =SUM(K47:K51) -> 1532 | L52: =SUM(L47:L51) -> 1249 | M52: =SUM(M47:M51) -> 1030 | N52: =SUM(N47:N51) -> 1456 | O52: =SUM(O47:O51) -> 1088 | P52: =SUM(P47:P51) -> 1719 | Q52: =SUM(J52:P52) -> 9515
A53: WWS+KARATI( Kayole) | B53: 1109 | C53: 1278 | D53: 1282 | E53: 889 | F53: 811 | G53: 982 | H53: 483 | I53: =SUM(B53:H53) -> 6834 | J53: 1133 | K53: 1140 | L53: 1449 | M53: 1447 | N53: 1061 | O53: 1077 | P53: 1024 | Q53: =SUM(J53:P53) -> 8331
A54: Kinungi BH | B54: 0 | C54: 0 | D54: 0 | E54: 0 | F54: 0 | G54: 0 | H54: 0 | I54: =SUM(B54:H54) -> 0 | K54: 0 | L54: 0 | M54: 0 | N54: 0 | O54: 0 | P54: 0 | Q54: =SUM(J54:P54) -> 0
A55: Nyonjoro | B55: 0 | C55: 0 | D55: 0 | E55: 0 | F55: 0 | G55: 0 | H55: 32 | I55: =SUM(B55:H55) -> 32 | K55: 0 | L55: 0 | M55: 0 | N55: 0 | O55: 0 | P55: 105 | Q55: =SUM(J55:P55) -> 105
A56: Karati PP | B56: 0 | C56: 0 | D56: 0 | E56: 0 | F56: 0 | G56: 0 | H56: 34 | I56: =SUM(B56:H56) -> 34 | K56: 0 | L56: 0 | M56: 0 | N56: 0 | O56: 0 | P56: 93 | Q56: =SUM(J56:P56) -> 93
A57: Eastern | B57: =SUM(B53:B55) -> 1109 | C57: =SUM(C53:C55) -> 1278 | D57: =SUM(D53:D55) -> 1282 | E57: =SUM(E53:E55) -> 889 | F57: =SUM(F53:F55) -> 811 | G57: =G53 -> 982 | H57: =H56+H55+H53 -> 549 | I57: =SUM(I53:I55) -> 6866 | J57: =SUM(J53:J55) -> 1133 | K57: =SUM(K53:K55) -> 1140 | L57: =SUM(L53:L55) -> 1449 | M57: =SUM(M53:M55) -> 1447 | N57: =SUM(N53:N55) -> 1061 | O57: =SUM(O53:O55) -> 1077 | P57: =SUM(P53:P55) -> 1129 | Q57: =SUM(Q53:Q55) -> 8436
A58: AIC | B58: 176 | C58: 191 | D58: 180 | E58: 208 | F58: 184 | G58: 206 | H58: 206 | I58: =SUM(B58:H58) -> 1351 | J58: 143 | K58: 252 | L58: 170 | M58: 199 | N58: 189 | O58: 196 | P58: 182 | Q58: =SUM(J58:P58) -> 1331
A59: DTI | B59: 1826 | C59: 1554 | D59: 1870 | E59: 2005 | F59: 1214 | G59: 1429 | H59: 1634 | I59: =SUM(B59:H59) -> 11532 | J59: 1780 | K59: 1779 | L59: 1797 | M59: 1824 | N59: 1867 | O59: 1702 | P59: 2076 | Q59: =SUM(J59:P59) -> 12825
A60: Police Line | B60: 500 | C60: 727 | D60: 600 | E60: 700 | F60: 520 | G60: 552 | H60: 657 | I60: =SUM(B60:H60) -> 4256 | J60: 700 | K60: 663 | L60: 675 | M60: 665 | N60: 671 | O60: 675 | P60: 690 | Q60: =SUM(J60:P60) -> 4739
A61: WWS+Karati (L.V) | B61: 973 | C61: 1129 | D61: 1015 | E61: 982 | F61: 1005 | G61: 1042 | H61: 947 | I61: =SUM(B61:H61) -> 7093 | J61: 884 | K61: 1053 | L61: 1158 | M61: 1060 | N61: 1257 | O61: 1169 | P61: 1172 | Q61: =SUM(J61:P61) -> 7753
A62: Central BL | B62: =SUM(B58:B61) -> 3475 | C62: =SUM(C58:C61) -> 3601 | D62: =SUM(D58:D61) -> 3665 | E62: =SUM(E58:E61) -> 3895 | F62: =SUM(F58:F61) -> 2923 | G62: =G61+G60+G59+G58 -> 3229 | H62: =SUM(H58:H61) -> 3444 | I62: =SUM(I58:I61) -> 24232 | J62: =SUM(J58:J61) -> 3507 | K62: =SUM(K58:K61) -> 3747 | L62: =SUM(L58:L61) -> 3800 | M62: =SUM(M58:M61) -> 3748 | N62: =SUM(N58:N61) -> 3984 | O62: =SUM(O58:O61) -> 3742 | ... Q62: =SUM(Q58:Q61) -> 26648
B63: =B52+B57+B62 -> 6009 | C63: =C52+C57+C62 -> 6489 | D63: =D52+D57+D62 -> 6399 | E63: =E52+E57+E62 -> 5694 | F63: =F52+F57+F62 -> 7193 | G63: =G52+G57+G62 -> 5193 | H63: =H52+H57+H62 -> 5162 | I63: =I52+I57+I62 -> 42105 | ... Q63: =Q52+Q57+Q62 -> 44599
B64: =production!B56 -> 6345 | C64: =production!C56 -> 6394 | D64: =production!D56 -> 6532 | E64: =production!E56 -> 5906 | F64: =production!F56 -> 7147 | G64: =production!G56 -> 5275 | H64: =production!H56 -> 5071 | I64: =SUM(B64:H64) -> 42670 | J64: =production!J56 -> 6201 | K64: =production!K56 -> 6539 | L64: =production!L56 -> 6535 | M64: =production!M56 -> 6712 | N64: =production!N56 -> 6284 | O64: =production!O56 -> 6515 | P64: =production!P56 -> 6992 | Q64: =production!Q56 -> #VALUE!
B65: =B64-B63 -> 336 | C65: =C64-C63 -> -95 | D65: =D64-D63 -> 133 | E65: =E64-E63 -> 212 | F65: =F64-F63 -> -46 | G65: =G64-G63 -> 82 | H65: =H64-H63 -> -91 | I65: =I64-I63 -> 565 | ... Q65: =Q64-Q63 -> #VALUE!
A67: Site/Date | B67: 9th feb | C67: 10th feb | D67: 11th feb | E67: 12th feb | F67: 13th feb | G67: 14th feb | H67: 15th feb | I67: week 7 | J67: 16th Feb | K67: 17th Feb | L67: 18th Feb | M67: 19th Feb | N67: 20th Feb | O67: 21st Feb | P67: 22nd Feb | Q67: Week 8
A68: DCK | B68: 235 | C68: 263 | D68: 257 | E68: 239 | F68: 303 | G68: 265 | H68: 230 | I68: =SUM(B68:H68) -> 1792 | J68: 207 | K68: 240 | L68: 317 | M68: 209 | N68: 257 | O68: 221 | P68: 205 | Q68: =SUM(J68:P68) -> 1656
A69: WWS+Karati (Mirera) | B69: 1072 | C69: 653 | D69: 1188 | E69: 1167 | F69: 1162 | G69: 1220 | H69: 1095 | I69: =SUM(B69:H69) -> 7557 | J69: 1031 | K69: 894 | L69: 1254 | M69: 477 | N69: 713 | O69: 1096 | P69: 886 | Q69: =SUM(J69:P69) -> 6351
A70: Mai Mahiu | B70: 137 | C70: 132 | D70: 130 | E70: 257 | F70: 127 | G70: 130 | H70: 123 | I70: =SUM(B70:H70) -> 1036 | J70: 128 | K70: 128 | L70: 126 | M70: 129 | N70: 128 | O70: 126 | P70: 69 | Q70: =SUM(J70:P70) -> 834
A71: Ngondi | B71: 0 | H71: 85 | I71: =SUM(B71:H71) -> 85 | M71: 0 | N71: 0 | O71: 0 | P71: 222 | Q71: =SUM(J71:P71) -> 222
A72: NIP | B72: 0 | H72: 6912 | I72: =SUM(B72:H72) -> 6912 | M72: 3029 | N72: 0 | O72: 0 | P72: 0 | Q72: =SUM(J72:P72) -> 3029
A73: Southern | B73: =SUM(B68:B72) -> 1444 | C73: =SUM(C68:C72) -> 1048 | D73: =SUM(D68:D72) -> 1575 | E73: =SUM(E68:E72) -> 1663 | F73: =SUM(F68:F72) -> 1592 | G73: =SUM(G68:G72) -> 1615 | H73: =SUM(H68:H72) -> 8445 | I73: =SUM(I68:I72) -> 17382 | ... Q73: =SUM(Q68:Q72) -> 12092
A74: WWS+KARATI( Kayole) | B74: 1199 | C74: 1140 | D74: 1172 | E74: 1331 | F74: 1246 | G74: 947 | H74: 1308 | I74: =SUM(B74:H74) -> 8343 | J74: 1319 | K74: 1326 | L74: 1196 | M74: 871 | N74: 1123 | O74: 1249 | P74: 1095 | Q74: =SUM(J74:P74) -> 8179
A75: Kinungi BH | B75: 0 | I75: =SUM(B75:H75) -> 0 | M75: 0 | N75: 0 | O75: 0 | P75: 0 | Q75: =SUM(J75:P75) -> 0
A76: Nyonjoro | B76: 0 | H76: 81 | I76: =SUM(B76:H76) -> 81 | M76: 0 | N76: 0 | O76: 0 | P76: 199 | Q76: =SUM(J76:P76) -> 199
A77: Karati PP | B77: 0 | H77: 84 | I77: =SUM(B77:H77) -> 84 | M77: 0 | N77: 0 | O77: 0 | P77: 156 | Q77: =SUM(J77:P77) -> 156
A78: Eastern | B78: =SUM(B74:B77) -> 1199 | C78: =SUM(C74:C77) -> 1140 | D78: =SUM(D74:D77) -> 1172 | E78: =SUM(E74:E77) -> 1331 | F78: =SUM(F74:F77) -> 1246 | G78: =SUM(G74:G77) -> 947 | H78: =SUM(H74:H77) -> 1473 | I78: =SUM(I74:I77) -> 8508 | ... Q78: =SUM(Q74:Q77) -> 8534
A79: AIC | B79: 142 | C79: 229 | D79: 248 | E79: 148 | F79: 309 | G79: 888 | H79: 904 | I79: =SUM(B79:H79) -> 2868 | J79: 311 | K79: 197 | L79: 408 | M79: 170 | N79: 188 | O79: 220 | P79: 189 | Q79: =SUM(J79:P79) -> 1683
A80: DTI | B80: 1146 | C80: 1920 | D80: 2090 | E80: 1680 | F80: 1738 | G80: 1437 | H80: 1872 | I80: =SUM(B80:H80) -> 11883 | J80: 1786 | K80: 1677 | L80: 1672 | M80: 1815 | N80: 1821 | O80: 1681 | P80: 1855 | Q80: =SUM(J80:P80) -> 12307
A81: Police Line | B81: 530 | C81: 682 | D81: 708 | E81: 657 | F81: 643 | G81: 605 | H81: 623 | I81: =SUM(B81:H81) -> 4448 | J81: 330 | K81: 693 | L81: 666 | M81: 605 | N81: 600 | O81: 600 | P81: 450 | Q81: =SUM(J81:P81) -> 3944
A82: WWS+Karati (L.V) | B82: 1079 | C82: 1154 | D82: 926 | E82: 1021 | F82: 970 | G82: 1127 | H82: 1168 | I82: =SUM(B82:H82) -> 7445 | J82: 1136 | K82: 1209 | L82: 1052 | M82: 1039 | N82: 1041 | O82: 1078 | P82: 939 | Q82: =SUM(J82:P82) -> 7494
A83: Central BL | B83: =SUM(B79:B82) -> 2897 | C83: =SUM(C79:C82) -> 3985 | D83: =SUM(D79:D82) -> 3972 | E83: =SUM(E79:E82) -> 3506 | F83: =SUM(F79:F82) -> 3660 | G83: =G82+G81+G80+G79 -> 4057 | H83: =SUM(H79:H82) -> 4567 | I83: =SUM(I79:I82) -> 26644 | J83: =SUM(J79:J82) -> 3563 | K83: =SUM(K79:K82) -> 3776 | L83: =SUM(L79:L82) -> 3798 | M83: =SUM(M79:M82) -> 3629 | N83: =SUM(N79:N82) -> 3650 | O83: =SUM(O79:O82) -> 3579 | ... Q83: =SUM(Q79:Q82) -> 25428
B84: =B83+B78+B73 -> 5540 | C84: =C83+C78+C73 -> 6173 | D84: =D83+D78+D73 -> 6719 | E84: =E83+E78+E73 -> 6500 | F84: =F83+F78+F73 -> 6498 | G84: =G83+G78+G73 -> 6619 | H84: =H83+H78+H73 -> 14485 | I84: =I73+I78+I83 -> 52534 | J84: =J73+J78+J83 -> 6248 | K84: =K73+K78+K83 -> 6364 | L84: =L73+L78+L83 -> 6691 | M84: =M73+M78+M83 -> 8344 | N84: =N73+N78+N83 -> 5871 | O84: =O73+O78+O83 -> 6271 | P84: =P73+P78+P83 -> 6265 | Q84: =Q73+Q78+Q83 -> 46054
B85: =production!B76 -> 5667 | C85: =production!C76 -> 6473 | D85: =production!D76 -> 6775 | E85: =production!E76 -> 6532 | F85: =production!F76 -> 6535 | G85: =production!G76 -> 6886 | H85: =production!H76 -> 14272 | I85: =SUM(B85:H85) -> 53140 | J85: =production!J76 -> 6367 | K85: =production!K76 -> 6452 | L85: =production!L76 -> 6676 | M85: =production!M76 -> 8222 | N85: =production!N76 -> 6275 | O85: =production!O76 -> 6350 | P85: =production!P76 -> 6134 | Q85: =production!Q76 -> 46476
B86: =B85-B84 -> 127 | C86: =C85-C84 -> 300 | D86: =D85-D84 -> 56 | E86: =E85-E84 -> 32 | F86: =F85-F84 -> 37 | G86: =G85-G84 -> 267 | H86: =H85-H84 -> -213 | I86: =I85-I84 -> 606 | ... Q86: =Q85-Q84 -> 422
A88: Site/Date | B88: 23rd feb | C88: 24th feb | D88: 25th feb | E88: 26th feb | F88: 27th feb | G88: 28th feb | H88: 29th feb | I88: week 9 | J88: 1st March | K88: 2nd March | L88: 3rd March | M88: 4th March | N88: 5th March | O88: 6th March | P88: 7th March | Q88: Week 10
A89: DCK | B89: 265 | C89: 218 | D89: 321 | E89: 210 | F89: 213 | G89: 205 | H89: 241 | I89: =SUM(B89:H89) -> 1673 | J89: 201 | K89: 238 | L89: 211 | M89: 233 | N89: 268 | O89: 272 | P89: 205 | Q89: =SUM(J89:P89) -> 1628
A90: WWS+Karati (Mirera) | B90: 553 | C90: 982 | D90: 1171 | E90: 1111 | F90: 796 | G90: 990 | H90: 922 | I90: =SUM(B90:H90) -> 6525 | J90: 958 | K90: 1049 | L90: 1172 | M90: 866 | N90: 1005 | O90: 505 | P90: 750 | Q90: =SUM(J90:P90) -> 6305
A91: Mai Mahiu | B91: 159 | C91: 132 | D91: 135 | E91: 128 | F91: 131 | G91: 127 | H91: 122 | I91: =SUM(B91:H91) -> 934 | J91: 129 | K91: 132 | L91: 127 | M91: 122 | N91: 129 | O91: 127 | P91: 128 | Q91: =SUM(J91:P91) -> 894
A92: Ngondi | B92: 0 | C92: 0 | D92: 0 | E92: 0 | F92: 0 | G92: 0 | H92: 75 | I92: =SUM(B92:H92) -> 75 | J92: 0 | K92: 0 | L92: 0 | M92: 0 | N92: 0 | O92: 0 | P92: 48 | Q92: =SUM(J92:P92) -> 48
A93: NIP | B93: 0 | C93: 0 | D93: 0 | E93: 0 | F93: 0 | G93: 0 | H93: 0 | I93: =SUM(B93:H93) -> 0 | J93: 0 | K93: 0 | L93: 0 | M93: 0 | N93: 0 | O93: 1488 | P93: 0 | Q93: =SUM(J93:P93) -> 1488
A94: Southern | B94: =SUM(B89:B93) -> 977 | C94: =SUM(C89:C93) -> 1332 | D94: =SUM(D89:D93) -> 1627 | E94: =SUM(E89:E93) -> 1449 | F94: =SUM(F89:F93) -> 1140 | G94: =SUM(G89:G93) -> 1322 | H94: =SUM(H89:H93) -> 1360 | I94: =SUM(I89:I93) -> 9207 | ... Q94: =SUM(Q89:Q93) -> 10363
A95: WWS+KARATI( Kayole) | B95: 1226 | C95: 1042 | D95: 1173 | E95: 1344 | F95: 991 | G95: 1164 | H95: 855 | I95: =SUM(B95:H95) -> 7795 | J95: 1161 | K95: 1247 | L95: 1097 | M95: 1268 | N95: 1163 | O95: 1143 | P95: 1150 | Q95: =SUM(J95:P95) -> 8229
A96: Kinungi BH | B96: 0 | C96: 0 | D96: 0 | E96: 0 | F96: 0 | G96: 0 | H96: 0 | I96: =SUM(B96:H96) -> 0 | J96: 0 | K96: 0 | L96: 0 | M96: 0 | N96: 0 | O96: 0 | P96: 0 | Q96: =SUM(J96:P96) -> 0
A97: Nyonjoro | B97: 0 | C97: 0 | D97: 0 | E97: 0 | F97: 0 | G97: 0 | H97: 92 | I97: =SUM(B97:H97) -> 92 | J97: 0 | K97: 0 | L97: 0 | M97: 0 | N97: 0 | O97: 0 | P97: 46 | Q97: =SUM(J97:P97) -> 46
A98: Karati PP | B98: 0 | C98: 0 | D98: 0 | E98: 0 | F98: 0 | G98: 0 | H98: 56 | I98: =SUM(B98:H98) -> 56 | J98: 0 | K98: 0 | L98: 0 | M98: 0 | N98: 0 | O98: 0 | P98: 64 | Q98: =SUM(J98:P98) -> 64
A99: Eastern | B99: =SUM(B95:B98) -> 1226 | C99: =SUM(C95:C98) -> 1042 | D99: =SUM(D95:D98) -> 1173 | E99: =SUM(E95:E98) -> 1344 | F99: =SUM(F95:F98) -> 991 | G99: =SUM(G95:G98) -> 1164 | H99: =SUM(H95:H98) -> 1003 | I99: =SUM(I95:I98) -> 7943 | ... Q99: =SUM(Q95:Q98) -> 8339
A100: AIC | B100: 200 | C100: 866 | D100: 852 | E100: 878 | F100: 895 | G100: 209 | H100: 879 | I100: =SUM(B100:H100) -> 4779 | J100: 887 | K100: 886 | L100: 284 | M100: 128 | N100: 136 | O100: 209 | P100: 227 | Q100: =SUM(J100:P100) -> 2757
A101: DTI | B101: 1350 | C101: 1048 | D101: 1150 | E101: 940 | F101: 830 | G101: 920 | H101: 1050 | I101: =SUM(B101:H101) -> 7288 | J101: 1023 | K101: 1524 | L101: 1460 | M101: 1669 | N101: 2121 | O101: 1380 | P101: 2107 | Q101: =SUM(J101:P101) -> 11284
A102: Police Line | B102: 4 | C102: 500 | D102: 600 | E102: 750 | F102: 700 | G102: 600 | H102: 700 | I102: =SUM(B102:H102) -> 3854 | J102: 701 | K102: 330 | L102: 600 | M102: 750 | N102: 261 | O102: 639 | P102: 645 | Q102: =SUM(J102:P102) -> 3926
A103: WWS+Karati (L.V) | B103: 1128 | C103: 809 | D103: 1129 | E103: 1100 | F103: 1075 | G103: 980 | H103: 1043 | I103: =SUM(B103:H103) -> 7264 | J103: 1064 | K103: 1162 | L103: 1047 | M103: 1067 | N103: 1059 | O103: 1093 | P103: 1166 | Q103: =SUM(J103:P103) -> 7658
A104: Central BL | B104: =SUM(B100:B103) -> 2682 | C104: =SUM(C100:C103) -> 3223 | D104: =SUM(D100:D103) -> 3731 | E104: =SUM(E100:E103) -> 3668 | F104: =SUM(F100:F103) -> 3500 | G104: =G103+G102+G101+G100 -> 2709 | H104: =SUM(H100:H103) -> 3672 | I104: =SUM(I100:I103) -> 23185 | J104: =SUM(J100:J103) -> 3675 | K104: =SUM(K100:K103) -> 3902 | L104: =SUM(L100:L103) -> 3391 | M104: =SUM(M100:M103) -> 3614 | N104: =SUM(N100:N103) -> 3577 | O104: =SUM(O100:O103) -> 3321 | ... Q104: =SUM(Q100:Q103) -> 25625
...

Sheet Karate
A1: Site/Date | B1: 29th December | C1: 30th December | D1: 31st December | E1: 1st Jan | F1: 2nd Jan | G1: 3rd Jan | H1: 4th Jan | I1: week 1 Total | J1: 5th Jan | K1: 6th Jan | L1: 7th Jan | M1: 8th Jan | N1: 9th Jan | O1: 10th Jan | P1: 11th Jan | Q1: week 2Total
A2: KARATI | B2: =production!B9 -> 2562 | C2: =production!C9 -> 2547 | D2: =production!D9 -> 2656 | E2: =production!E9 -> 2636 | F2: =production!F9 -> 2253 | G2: =production!G9 -> 2396 | H2: =production!H9 -> 2120 | I2: =SUM(B2:H2) -> 17170 | J2: =production!J9 -> 2349 | K2: =production!K9 -> 2605 | L2: =production!L9 -> 2495 | M2: =production!M9 -> 2715 | N2: 2118 | O2: =production!O9 -> 2196 | P2: =production!P9 -> 2208 | Q2: =SUM(J2:P2) -> 16686
A3: KAR Supply | B3: =Supply!O12 -> 2562 | C3: =Supply!T12 -> 2547 | D3: =Supply!Y12 -> 2656 | E3: =Supply!E35 -> 2636 | F3: =Supply!J35 -> 2253 | G3: =Supply!O35 -> 2396 | H3: =Supply!T35 -> 2120 | I3: =SUM(B3:H3) -> 17170 | J3: =Supply!Y35 -> 2349 | K3: =Supply!E58 -> 2605 | L3: =Supply!J58 -> 2495 | M3: =Supply!O58 -> 2715 | N3: 2118 | O3: =Supply!T58 -> 2196 | P3: =Supply!E81 -> 2208 | Q3: =SUM(J3:P3) -> 16686
A4: Daily production sheet | B4: =B2-B3 -> 0 | C4: =C2-C3 -> 0 | D4: =D2-D3 -> 0 | E4: =E2-E3 -> 0 | F4: =F2-F3 -> 0 | G4: =G2-G3 -> 0 | H4: =H2-H3 -> 0 | I4: =SUM(B4:H4) -> 0 | J4: =J2-J3 -> 0 | K4: =K2-K3 -> 0 | L4: =L2-L3 -> 0 | M4: =M2-M3 -> 0 | N4: =T3 -> 0 | O4: =O2-O3 -> 0 | P4: =P2-P3 -> 0 | Q4: =SUM(J4:P4) -> 0
A6: Site/Date | B6: 12th Jan | C6: 13th Jan | D6: 14th Jan | E6: 15th Jan | F6: 16th Jan | G6: 17th Jan | H6: 18th Jan | I6: week 3 Total | J6: 19th Jan | K6: 20th Jan | L6: 21st Jan | M6: 22nd Jan | N6: 23rd Jan | O6: 24th Jan | P6: 25th Jan | Q6: week 4 Total
A7: KARATI | B7: =production!B28 -> 1923 | C7: =production!C28 -> 2145 | D7: =production!D28 -> 1977 | E7: 1819 | F7: 2127 | G7: =production!G28 -> 2370 | H7: =production!H28 -> 1979 | I7: =SUM(B7:H7) -> 14340 | J7: =production!J28 -> 2187 | K7: =production!K28 -> 2682 | L7: =production!L28 -> 1503 | M7: =production!M28 -> 847 | N7: =production!N28 -> 1644 | O7: 2858 | P7: =production!P28 -> 2795 | Q7: =SUM(J7:P7) -> 14516
A8: KAR Supply | B8: =Supply!J81 -> 1923 | C8: =Supply!O81 -> 2145 | D8: =Supply!T81 -> 1977 | E8: 1819 | F8: 2127 | G8: =Supply!AI81 -> 2370 | H8: =Supply!AN81 -> 1979 | I8: =SUM(B8:H8) -> 14340 | J8: =Supply!E104 -> 2187 | K8: =Supply!J104 -> 2682 | L8: =Supply!O104 -> 1503 | M8: =Supply!T104 -> 847 | N8: =Supply!Y104 -> 1639 | O8: =Supply!AD104 -> 2858 | P8: =Supply!AI104 -> 2795 | Q8: =SUM(J8:P8) -> 14511
A9: Daily production sheet | B9: =B7-B8 -> 0 | C9: =C7-C8 -> 0 | D9: =D7-D8 -> 0 | E9: =E7-E8 -> 0 | F9: =F7-F8 -> 0 | G9: =G7-G8 -> 0 | H9: =H7-H8 -> 0 | I9: =SUM(B9:H9) -> 0 | J9: =J7-J8 -> 0 | K9: =K7-K8 -> 0 | L9: =L7-L8 -> 0 | M9: =M7-M8 -> 0 | N9: =N7-N8 -> 5 | O9: =O7-O8 -> 0 | P9: =P7-P8 -> 0 | Q9: =SUM(J9:P9) -> 5
A11: Site/Date | B11: 26th Jan | C11: 27th Jan | D11: 28th Jan | E11: 29th Jan | F11: 30th Jan | G11: 31st Jan | H11: 1st Feb | I11: week 5 Total | J11: 2nd Feb | K11: 3rd Feb | L11: 4th Feb | M11: 5th Feb | N11: 6th Feb | O11: 7th Feb | P11: 8th Feb | Q11: week 6 Total
A12: KARATI | B12: =production!B47 -> 2709 | C12: 2859 | D12: =production!D47 -> 2841 | E12: =production!E47 -> 1948 | F12: 1777 | G12: 2079 | H12: 1509 | I12: =SUM(B12:H12) -> 15722 | J12: 2564 | K12: 2660 | L12: 2963 | M12: 3035 | N12: 2532 | O12: 2422 | P12: 2854 | Q12: =SUM(L12:P12) -> 13806
A13: KAR Supply | B13: =Supply!AN104 -> 2643 | C13: 2859 | D13: =Supply!J127 -> 2841 | E13: =Supply!O127 -> 1902 | F13: 1777 | G13: 2079 | H13: 1505 | I13: =SUM(B13:H13) -> 15606 | J13: 2564 | K13: 2589 | L13: 2967 | M13: 3116 | N13: 2507 | O13: 2342 | P13: 2890 | Q13: =SUM(L13:P13) -> 13822
A14: Daily production sheet | B14: =B12-B13 -> 66 | C14: =C12-C13 -> 0 | D14: =D12-D13 -> 0 | E14: =E12-E13 -> 46 | F14: =F12-F13 -> 0 | H14: =H12-H13 -> 4 | I14: =SUM(B14:H14) -> 116 | J14: =L12-L13 -> -4 | K14: =K12-K13 -> 71 | L14: =L12-L13 -> -4 | M14: =M12-M13 -> -81 | N14: =N12-N13 -> 25 | O14: =O12-O13 -> 80 | P14: =P12-P13 -> -36 | Q14: =Q12-Q13 -> -16
A16: Site/Date | B16: 9th feb | C16: 10th | D16: 11th | E16: 12th | F16: 13th | G16: 14th | H16: 15th | I16: week 7 total | J16: 16th feb | K16: 17th feb | L16: 18th feb | M16: 19th feb | N16: 20th feb | O16: 21st feb | P16: 22nd feb | Q16: week 8 total
A17: KARATI | B17: 2840 | C17: 2840 | D17: 2650 | E17: 2643 | F17: 2853 | G17: 2761 | H17: 2940 | I17: =SUM(B17:H17) -> 19527 | J17: 2962 | K17: 3043 | L17: 2865 | M17: =production!$M$67 -> 1829 | N17: =production!N67 -> 2602 | O17: =production!$O$67 -> 2858 | P17: =production!$P$67 -> 2166 | Q17: =SUM(J17:P17) -> 18325
A18: KAR Supply | B18: 2818 | C18: 2820 | D18: 2556 | E18: 2650 | F18: 2871 | G18: 2789 | H18: 2933 | I18: =SUM(B18:H18) -> 19437 | J18: 2940 | K18: 3080 | L18: 2831 | M18: =Supply!AN173 -> 1829 | N18: =Supply!E196 -> 2527 | O18: =Supply!J196 -> 3058 | P18: =Supply!O196 -> 2159 | Q18: =SUM(J18:P18) -> 18424
A19: Daily production sheet | B19: =B17-B18 -> 22 | C19: =C17-C18 -> 20 | D19: =D17-D18 -> 94 | E19: =E17-E18 -> -7 | F19: =F17-F18 -> -18 | G19: =G17-G18 -> -28 | H19: =H17-H18 -> 7 | I19: =I17-I18 -> 90 | ... Q19: =Q17-Q18 -> -99
A21: Site/Date | B21: 23rd Feb | C21: 24th Feb | D21: 25th Feb | E21: 26th Feb | F21: 27th Feb | G21: 28th Feb | H21: 29th Feb | I21: week 9total | J21: 1st March | K21: 2nd March | L21: 3rd March | M21: 4th March | N21: 5th March | O21: 6th March | P21: 7th March | Q21: week 10 total
A22: KARATI | B22: =production!$B$86 -> 2850 | C22: =production!$C$86 -> 1874 | D22: =production!$D$86 -> 2911 | E22: =production!$E$86 -> 2937 | F22: =production!F86 -> 2709 | G22: =production!$G$86 -> 2579 | H22: =production!$H$86 -> 2249 | I22: =SUM(B22:H22) -> 18109 | J22: 2938 | K22: 2716 | L22: =production!$L$86 -> 2763 | M22: =production!M86 -> 2810 | N22: =production!$N$86 -> 2881 | O22: =production!O86 -> 2176 | P22: =production!P86 -> 2548 | Q22: =SUM(J22:P22) -> 18832
A23: KAR Supply | B23: =Supply!T196 -> 2940 | C23: =Supply!Y196 -> 1827 | D23: =Supply!AD196 -> 2972 | E23: =Supply!AI196 -> 2899 | F23: =Supply!AN196 -> 2764 | G23: =Supply!E219 -> 2661 | H23: =Supply!J219 -> 2188 | I23: =SUM(B23:H23) -> 18251 | J23: 2693 | K23: 2638 | L23: =Supply!Y219 -> 2683 | M23: =Supply!AD219 -> 2843 | N23: =Supply!AI219 -> 2868 | O23: =Supply!AN219 -> 2156 | P23: =Supply!E242 -> 2527 | Q23: =SUM(J23:P23) -> 18408
A24: Daily production sheet | B24: =B22-B23 -> -90 | C24: =C22-C23 -> 47 | D24: =D22-D23 -> -61 | E24: =E22-E23 -> 38 | F24: =F22-F23 -> -55 | G24: =G22-G23 -> -82 | H24: =H22-H23 -> 61 | I24: =I22-I23 -> -142 | ... Q24: =Q22-Q23 -> 424
A26: Site/Date | B26: 8th March | C26: 9th March | D26: 10th March | E26: 11th March | F26: 12th March | G26: 13th March | H26: 14th March | I26: week 11total | J26: 15th March | K26: 16th March | L26: 17th March | M26: 18th March | N26: 19th March | O26: 20th March | P26: 21st March | Q26: week 12 total
A27: KARATI | B27: =production!B105 -> 2491 | C27: =production!$C$105 -> 2288 | D27: =production!$D$105 -> 2270 | E27: =production!E105 -> 2771 | F27: =production!$F$105 -> 2642 | G27: =production!$G$105 -> 2673 | H27: =production!$H$105 -> 2678 | I27: =SUM(B27:H27) -> 17813 | J27: =production!$J$105 -> 2742 | K27: =production!$K$105 -> 2720 | L27: =production!$L$105 -> 2357 | M27: =production!M105 -> 2949 | N27: =production!N105 -> 2160 | O27: =production!O105 -> 2536 | P27: =production!P105 -> 2692 | Q27: =SUM(J27:P27) -> 18156
A28: KAR Supply | B28: =Supply!J242 -> 2253 | C28: =Supply!O242 -> 2280 | D28: =Supply!T242 -> 2224 | E28: =Supply!Y242 -> 2739 | F28: =Supply!AD242 -> 2698 | G28: =Supply!AI242 -> 2567 | H28: =Supply!AN242 -> 2709 | I28: =SUM(B28:H28) -> 17470 | J28: =Supply!E265 -> 2744 | K28: =Supply!J265 -> 2738 | L28: =Supply!O265 -> 2342 | M28: =Supply!T265 -> 2858 | N28: =Supply!Y265 -> 2207 | O28: =Supply!AD265 -> 2479 | P28: =Supply!AI265 -> 2835 | Q28: =SUM(J28:P28) -> 18203
A29: Daily production sheet | B29: =B27-B28 -> 238 | C29: =C27-C28 -> 8 | D29: =D27-D28 -> 46 | E29: =E27-E28 -> 32 | F29: =F27-F28 -> -56 | G29: =G27-G28 -> 106 | H29: =H27-H28 -> -31 | I29: =I27-I28 -> 343 | ... Q29: =Q27-Q28 -> -47
A31: Site/Date | B31: 22nd March | C31: 23rd March | D31: 24th March | E31: 25th March | F31: 26th March | G31: 27th March | H31: 28th March | I31: week 13total | J31: 29th March | K31: 30th March | L31: 31st March | M31: 1st April | N31: 2nd April | O31: 3rd April | P31: 4th April | Q31: week 14 total
A32: KARATI | B32: =production!B124 -> 2240 | C32: =production!C124 -> 2796 | D32: =production!D124 -> 2625 | E32: =production!$E$124 -> 2609 | F32: =production!F124 -> 2841 | G32: =production!$G$124 -> 2921 | H32: =production!H124 -> 2941 | I32: =SUM(B32:H32) -> 18973 | J32: =production!$J$124 -> 2870 | K32: =production!$K$124 -> 2677 | L32: =production!$L$124 -> 2916 | M32: =production!$M$124 -> 2875 | N32: =production!$N$124 -> 2625 | O32: 2674 | P32: =production!$P$124 -> 2350 | Q32: =SUM(J32:P32) -> 18987
A33: KAR Supply | B33: =Supply!AN265 -> 1995 | C33: =Supply!E288 -> 2890 | D33: =Supply!J288 -> 2666 | E33: =Supply!O288 -> 2582 | F33: =Supply!T288 -> 2829 | G33: =Supply!Y288 -> 2890 | H33: =Supply!AD288 -> 2893 | I33: =SUM(B33:H33) -> 18745 | J33: =Supply!AI288 -> 2878 | K33: =Supply!AN288 -> 2652 | L33: =Supply!E311 -> 2951 | M33: =Supply!J311 -> 2883 | N33: =Supply!O311 -> 2597 | O33: 2679 | P33: =Supply!Y311 -> 2251 | Q33: =SUM(J33:P33) -> 18891
A34: Daily production sheet | B34: =B32-B33 -> 245 | C34: =C32-C33 -> -94 | D34: =D32-D33 -> -41 | E34: =E32-E33 -> 27 | F34: =F32-F33 -> 12 | G34: =G32-G33 -> 31 | H34: =H32-H33 -> 48 | I34: =I32-I33 -> 228 | ... Q34: =Q32-Q33 -> 96
A36: Site/Date | B36: 5th April | C36: 6th April | D36: 7th April | E36: 8th April | F36: 9th April | G36: 10th April | H36: 11th April | I36: week 15total | J36: 12th April | K36: 13th April | L36: 14th April | M36: 15th April | N36: 16th April | O36: 17th April | P36: 18th April | Q36: week 16 total
A37: KARATI | B37: =production!$B$143 -> 2233 | C37: =production!$C$143 -> 2584 | D37: =production!$D$143 -> 2406 | E37: =production!$E$143 -> 2425 | F37: =production!$F$143 -> 1873 | G37: =production!$G$143 -> 2552 | H37: =production!$H$143 -> 1874 | I37: =SUM(B37:H37) -> 15947 | J37: =production!J143 -> 246 | K37: =production!K143 -> 1965 | L37: =production!L143 -> 2180 | M37: =production!$M$143 -> 2630 | N37: =production!N143 -> 2513 | O37: 2689 | P37: =production!$P$143 -> 2006 | Q37: =SUM(J37:P37) -> 14229
A38: KAR Supply | B38: =Supply!AD311 -> 2298 | C38: =Supply!AI311 -> 2515 | D38: =Supply!AN311 -> 2400 | E38: =Supply!E334 -> 2405 | F38: =Supply!J334 -> 1801 | G38: =Supply!O334 -> 2573 | H38: =Supply!T334 -> 1892 | I38: =SUM(B38:H38) -> 15884 | J38: =Supply!Y334 -> 229 | K38: =Supply!AD334 -> 2034 | L38: =Supply!AI334 -> 2173 | M38: =Supply!AN334 -> 2541 | N38: =Supply!E357 -> 2626 | O38: 2679 | P38: =Supply!O357 -> 1859 | Q38: =SUM(J38:P38) -> 14141
A39: Daily production sheet | B39: =B37-B38 -> -65 | C39: =C37-C38 -> 69 | D39: =D37-D38 -> 6 | E39: =E37-E38 -> 20 | F39: =F37-F38 -> 72 | G39: =G37-G38 -> -21 | H39: =H37-H38 -> -18 | I39: =I37-I38 -> 63 | ... Q39: =Q37-Q38 -> 88
A41: Site/Date | B41: 19th April | C41: 20th April | D41: 21st April | E41: 22nd April | F41: 23rd April | G41: 24th April | H41: 25th April | I41: week 17total | J41: 26th April | K41: 27th April | L41: 28th April | M41: 29th April | N41: 30th April | O41: 1st May | P41: 2nd May | Q41: week 18 total
A42: KARATI | B42: =production!$B$162 -> 2289 | C42: =production!$C$162 -> 2257 | D42: =production!$D$162 -> 2411 | E42: =production!E162 -> 2168 | F42: =production!$F$162 -> 1965 | G42: =production!G162 -> 2090 | H42: =production!H162 -> 2470 | I42: =SUM(B42:H42) -> 15650 | J42: =production!$J$162 -> 2487 | K42: =production!$K$162 -> 1973 | L42: =production!$L$162 -> 2076 | M42: =production!$M$162 -> 1972 | N42: =production!N162 -> 2145 | O42: =production!O162 -> 1793 | P42: =production!$P$162 -> 1285 | Q42: =SUM(J42:P42) -> 13731
A43: KAR Supply | B43: =Supply!T357 -> 2300 | C43: =Supply!Y357 -> 2245 | D43: =Supply!AD357 -> 2189 | E43: =Supply!AI357 -> 2132 | F43: =Supply!AN357 -> 1955 | G43: =Supply!E380 -> 2352 | H43: =Supply!J380 -> 2037 | I43: =SUM(B43:H43) -> 15210 | J43: =Supply!O380 -> 2353 | K43: =Supply!T380 -> 1932 | L43: =Supply!Y380 -> 2444 | M43: =Supply!AD380 -> 1819 | N43: =Supply!AI380 -> 2086 | O43: =Supply!AN380 -> 1869 | P43: =Supply!E403 -> 1238 | Q43: =SUM(J43:P43) -> 13741
A44: Daily production sheet | B44: =B42-B43 -> -11 | C44: =C42-C43 -> 12 | D44: =D42-D43 -> 222 | E44: =E42-E43 -> 36 | F44: =F42-F43 -> 10 | G44: =G42-G43 -> -262 | H44: =H42-H43 -> 433 | I44: =I42-I43 -> 440 | ... Q44: =Q42-Q43 -> -10
A46: Site/Date | B46: 3rd May | C46: 4th May | D46: 5th May | E46: 6th May | F46: 7th May | G46: 8th May | H46: 9th May | I46: week 19total | J46: 10th May | K46: 11th May | L46: 12th May | M46: 13th May | N46: 14th May | O46: 15th May | P46: 16th May | Q46: week 20 total
A47: KARATI | B47: =production!$B$181 -> 2359 | C47: =production!$C$181 -> 1884 | D47: =production!$D$181 -> 1806 | E47: =production!$E$181 -> 2105 | F47: =production!F181 -> 1855 | G47: =production!G181 -> 2196 | H47: =production!H181 -> 2322 | I47: =SUM(B47:H47) -> 14527 | J47: =production!J181 -> 2452 | K47: =production!K181 -> 2766 | L47: =production!L181 -> 2392 | M47: =production!M181 -> 2010 | N47: =production!N181 -> 2025 | O47: =production!$O$181 -> 2231 | P47: =production!P181 -> 2479 | Q47: =SUM(J47:P47) -> 16355
A48: KAR Supply | B48: =Supply!J403 -> 2040 | C48: =Supply!O403 -> 1795 | D48: =Supply!T403 -> 1718 | E48: =Supply!Y403 -> 2430 | F48: =Supply!AD403 -> 1964 | G48: =Supply!AI403 -> 2507 | H48: =Supply!AN403 -> 2473 | I48: =SUM(B48:H48) -> 14927 | J48: =Supply!E426 -> 2403 | K48: =Supply!J426 -> 2667 | L48: =Supply!O426 -> 2329 | M48: =Supply!T426 -> 1932 | N48: =Supply!Y426 -> 2039 | O48: =Supply!X443 -> 330243 | P48: =Supply!AI426 -> 2454 | Q48: =SUM(J48:P48) -> 344067
A49: Daily production sheet | B49: =B47-B48 -> 319 | C49: =C47-C48 -> 89 | D49: =D47-D48 -> 88 | E49: =E47-E48 -> -325 | F49: =F47-F48 -> -109 | G49: =G47-G48 -> -311 | H49: =H47-H48 -> -151 | I49: =I47-I48 -> -400 | ... Q49: =Q47-Q48 -> -327712
A51: Site/Date | B51: 17th May | C51: 18th May | D51: 19th May | E51: 20th May | F51: 21st May | G51: 22nd May | H51: 23rd May | I51: week 21total | J51: 24th May | K51: 25th May | L51: 26th May | M51: 27th May | N51: 28th May | O51: 29th May | P51: 30th May | Q51: week 22 total
A52: KARATI | B52: =production!B200 -> 2897 | C52: =production!C200 -> 2706 | D52: =production!D200 -> 95 | E52: =production!E200 -> 1587 | F52: =production!F200 -> 1130 | G52: =production!$G$200 -> 2514 | H52: =production!H200 -> 2645 | I52: =SUM(B52:H52) -> 13574 | J52: =production!J200 -> 2643 | K52: =production!K200 -> 2668 | L52: =production!L200 -> 2773 | M52: =production!M200 -> 2335 | N52: =production!N200 -> 2316 | O52: =production!O200 -> 2534 | P52: =production!P200 -> 2563 | Q52: =SUM(J52:P52) -> 17832
A53: KAR Supply | B53: =Supply!AN426 -> 2848 | C53: =Supply!E449 -> 2445 | D53: =Supply!J449 -> 210 | E53: =Supply!O449 -> 1429 | F53: =Supply!T449 -> 1076 | G53: =Supply!Y449 -> 2423 | H53: =Supply!AD449 -> 2575 | I53: =SUM(B53:H53) -> 13006 | J53: =Supply!AI449 -> 3087 | K53: =Supply!AN449 -> 2909 | L53: =Supply!E472 -> 2804 | M53: =Supply!J472 -> 2147 | N53: =Supply!O472 -> 2194 | O53: =Supply!T472 -> 2706 | P53: =Supply!Y472 -> 2689 | Q53: =SUM(J53:P53) -> 18536
A54: Daily production sheet | B54: =B52-B53 -> 49 | C54: =C52-C53 -> 261 | D54: =D52-D53 -> -115 | E54: =E52-E53 -> 158 | F54: =F52-F53 -> 54 | G54: =G52-G53 -> 91 | H54: =H52-H53 -> 70 | I54: =I52-I53 -> 568 | ... Q54: =Q52-Q53 -> -704
A56: Site/Date | B56: 31st May | C56: 1st June | D56: 2nd June | E56: 3rd June | F56: 4th June | G56: 5th June | H56: 6th June | I56: week 23 TotaI | J56: 7th June | K56: 8th June | L56: 9th June | M56: 10th June | N56: 11th June | O56: 12th June | P56: 13th June | Q56: WEEK 24 tatol
A57: KARATI | B57: 2323 | C57: 2604 | D57: 2558 | E57: =production!E219 -> 2023 | F57: =production!F219 -> 2364 | G57: =production!G219 -> 2875 | H57: =production!H219 -> 2092 | I57: =SUM(B57:H57) -> 16839 | J57: =production!J219 -> 2387 | K57: =production!K219 -> 2567 | L57: =production!L219 -> 2378 | M57: =production!M219 -> 2926 | N57: =production!N219 -> 3061 | O57: =production!O219 -> 2882 | P57: =production!P219 -> 2768 | Q57: =SUM(J57:P57) -> 18969
A58: KAR Supply | B58: 2153 | C58: 2580 | D58: 2477 | E58: =Supply!E495 -> 1998 | F58: =Supply!J495 -> 1777 | G58: =Supply!O495 -> 2926 | H58: =Supply!T495 -> 2066 | I58: =SUM(B58:H58) -> 15977 | J58: =Supply!Y495 -> 2348 | K58: =Supply!AD495 -> 2301 | L58: =Supply!AI495 -> 2304 | M58: =Supply!AN495 -> 2844 | N58: =Supply!E518 -> 2914 | O58: =Supply!J518 -> 2938 | P58: =Supply!O518 -> 2836 | Q58: =SUM(J58:P58) -> 18485
A59: Daily production sheet | B59: =B57-B58 -> 170 | C59: =C57-C58 -> 24 | D59: =D57-D58 -> 81 | E59: =E57-E58 -> 25 | F59: =F57-F58 -> 587 | G59: =G57-G58 -> -51 | H59: =H57-H58 -> 26 | I59: =I57-I58 -> 862 | ... Q59: =Q57-Q58 -> 484
A61: Site/Date | B61: 14th June | C61: 15th June | D61: 16th June | E61: 17th June | F61: 18th June | G61: 19th June | H61: 20th June | I61: week 25 TotaI | J61: 21st June | K61: 22nd June | L61: 23rd June | M61: 24th June | N61: 25th June | O61: 26th June | P61: 27th June | Q61: WEEK 26 tatol
A62: KARATI | B62: =production!$B$238 -> 2929 | C62: =production!$C$238 -> 2990 | D62: =production!$D$238 -> 2843 | E62: =production!$E$238 -> 2778 | F62: =production!$F$238 -> 3037 | G62: =production!G238 -> 2480 | H62: =production!H238 -> 2745 | I62: =SUM(B62:H62) -> 19802 | J62: =production!J238 -> 3064 | K62: =production!K238 -> 2960 | L62: =production!L238 -> 3086 | M62: =production!M238 -> 2743 | N62: =production!N238 -> 2931 | O62: =production!$O$238 -> 2826 | P62: =production!$P$238 -> 2917 | Q62: =SUM(J62:P62) -> 20527
A63: KAR Supply | B63: =Supply!T518 -> 2600 | C63: =Supply!Y518 -> 2855 | D63: =Supply!AD518 -> 2714 | E63: =Supply!AI518 -> 2672 | F63: =Supply!AN518 -> 2911 | G63: =Supply!E541 -> 2457 | H63: =Supply!J541 -> 2684 | I63: =SUM(B63:H63) -> 18893 | J63: =Supply!O541 -> 2696 | K63: =Supply!T541 -> 2877 | L63: =Supply!Y541 -> 3060 | M63: =Supply!AD541 -> 2789 | N63: =Supply!AI541 -> 2954 | O63: =Supply!AN541 -> 2822 | P63: =Supply!E564 -> 2880 | Q63: =SUM(J63:P63) -> 20078
A64: Daily production sheet | B64: =B62-B63 -> 329 | C64: =C62-C63 -> 135 | D64: =D62-D63 -> 129 | E64: =E62-E63 -> 106 | F64: =F62-F63 -> 126 | G64: =G62-G63 -> 23 | H64: =H62-H63 -> 61 | I64: =I62-I63 -> 909 | ... Q64: =Q62-Q63 -> 449
A66: Site/Date | B66: 28th June | C66: 29th June | D66: 30th June | E66: 1st July | F66: 2nd July | G66: 3rd July | H66: 4th July | I66: week 27 TotaI | J66: 5th July | K66: 6th July | L66: 7th July | M66: 8th July | N66: 9th July | O66: 10th July | P66: 11th July | Q66: WEEK 28 tatol
A67: KARATI | B67: =production!B257 -> 3030 | C67: =production!C257 -> 2967 | D67: =production!D257 -> 2980 | E67: =production!E257 -> 2992 | F67: =production!F257 -> 3045 | G67: =production!G257 -> 2907 | H67: =production!H257 -> 2990 | I67: =SUM(B67:H67) -> 20911 | J67: =production!J257 -> 2456 | K67: =production!K257 -> 2781 | L67: =production!L257 -> 2705 | M67: =production!M257 -> 2661 | N67: =production!N257 -> 2249 | O67: =production!O257 -> 2110 | P67: =production!$P$257 -> 2256 | Q67: =SUM(J67:P67) -> 17218
A68: KAR Supply | B68: =Supply!J564 -> 3030 | C68: =Supply!O564 -> 2952 | D68: =Supply!T564 -> 2914 | E68: =Supply!Y564 -> 3298 | F68: =Supply!AD564 -> 2919 | G68: =Supply!AI564 -> 2896 | H68: =Supply!AN564 -> 3123 | I68: =SUM(B68:H68) -> 21132 | J68: =Supply!E587 -> 2360 | K68: =Supply!J587 -> 2648 | L68: =Supply!O587 -> 2454 | M68: =Supply!T587 -> 2748 | N68: =Supply!Y587 -> 2239 | O68: =Supply!AD587 -> 1953 | P68: =Supply!AI587 -> 2334 | Q68: =SUM(J68:P68) -> 16736
A69: Daily production sheet | B69: =B67-B68 -> 0 | C69: =C67-C68 -> 15 | D69: =D67-D68 -> 66 | E69: =E67-E68 -> -306 | F69: =F67-F68 -> 126 | G69: =G67-G68 -> 11 | H69: =H67-H68 -> -133 | I69: =I67-I68 -> -221 | ... Q69: =Q67-Q68 -> 482
A71: Site/Date | B71: 12th July | C71: 13th July | D71: 14th July | E71: 15th July | F71: 16th July | G71: 17th July | H71: 18th July | I71: week 29 TotaI | J71: 19th July | K71: 20th July | L71: 21st July | M71: 22nd July | N71: 23rd July | O71: 24th July | P71: 25th July | Q71: WEEK 30 tatol
A72: KARATI | B72: =production!B276 -> 2937 | C72: =production!C276 -> 2996 | D72: =production!D276 -> 2891 | E72: =production!E276 -> 2999 | F72: =production!$F$276 -> 2661 | G72: =production!$G$276 -> 2018 | H72: =production!H276 -> 2552 | I72: =SUM(B72:H72) -> 19054 | J72: =production!$J$276 -> 2929 | K72: =production!$K$276 -> 1230 | L72: =production!L276 -> 2849 | M72: =production!M276 -> 2812 | N72: =production!N276 -> 2655 | O72: =production!$O$276 -> 2985 | P72: =production!P276 -> 2775 | Q72: =SUM(J72:P72) -> 18235
A73: KAR Supply | B73: =Supply!AN587 -> 2673 | C73: =Supply!E610 -> 2941 | D73: =Supply!J610 -> 2827 | E73: =Supply!O610 -> 2936 | F73: =Supply!T610 -> 2589 | G73: =Supply!Y610 -> 2025 | H73: =Supply!AD610 -> 2421 | I73: =SUM(B73:H73) -> 18412 | J73: =Supply!AI610 -> 2884 | K73: =Supply!AN610 -> 1198 | L73: =Supply!E634 -> 2654 | M73: =Supply!J634 -> 2883 | N73: =Supply!O634 -> 2565 | O73: =Supply!T634 -> 2933 | P73: =Supply!Y634 -> 2695 | Q73: =SUM(J73:P73) -> 17812
A74: Daily production sheet | B74: =B72-B73 -> 264 | C74: =C72-C73 -> 55 | D74: =D72-D73 -> 64 | E74: =E72-E73 -> 63 | F74: =F72-F73 -> 72 | G74: =G72-G73 -> -7 | H74: =H72-H73 -> 131 | I74: =I72-I73 -> 642 | ... Q74: =Q72-Q73 -> 423
A76: Site/Date | B76: 26th July | C76: 27th July | D76: 28th July | E76: 29th July | F76: 30th July | G76: 31st July | H76: 1st August | I76: week 31 TotaI | J76: 2nd August | K76: 3rd August | L76: 4th August | M76: 5th August | N76: 6th August | O76: 7th August | P76: 8th August | Q76: WEEK 32 tatol
A77: KARATI | B77: 2762 | C77: 2953 | D77: 2558 | E77: =production!E295 -> 2797 | F77: =production!F295 -> 2604 | G77: =production!G295 -> 2585 | H77: =production!H295 -> 2607 | I77: =SUM(B77:H77) -> 18866 | J77: =production!J295 -> 2790 | K77: =production!K295 -> 2293 | L77: =production!L295 -> 2678 | M77: =production!M295 -> 2602 | N77: 2944 | O77: 2950 | P77: =production!P295 -> 2607 | Q77: =SUM(J77:P77) -> 18864
A78: KAR Supply | B78: 2540 | C78: 2882 | D78: 2551 | E78: =Supply!E658 -> 2759 | F78: =Supply!J658 -> 2533 | G78: =Supply!O658 -> 2539 | H78: =Supply!T658 -> 2769 | I78: =SUM(B78:H78) -> 18573 | J78: =Supply!Y658 -> 2667 | K78: =Supply!AD658 -> 2953 | L78: =Supply!AI658 -> 2535 | M78: =Supply!AN658 -> 2951 | N78: 2864 | O78: 2905 | P78: =Supply!O683 -> 2501 | Q78: =SUM(J78:P78) -> 19376
A79: Daily production sheet | B79: =B77-B78 -> 222 | C79: =C77-C78 -> 71 | D79: =D77-D78 -> 7 | E79: =E77-E78 -> 38 | F79: =F77-F78 -> 71 | G79: =G77-G78 -> 46 | H79: =H77-H78 -> -162 | I79: =I77-I78 -> 293 | ... Q79: =Q77-Q78 -> -512
A81: Site/Date | B81: 9th August | C81: 10th August | D81: 11th August | E81: 12th August | F81: 13th August | G81: 14th August | H81: 15th August | I81: week 33 TotaI | J81: 16th August | K81: 17th August | L81: 18th August | M81: 19th August | N81: 20th August | O81: 21st August | P81: 22nd August | Q81: WEEK 34 tatol
A82: KARATI | B82: 2726 | C82: =2786 -> 2786 | D82: =2868 -> 2868 | E82: =2616 -> 2616 | F82: =2918 -> 2918 | G82: =production!$G$314 -> 2867 | H82: =production!H314 -> 2933 | I82: =SUM(B82:H82) -> 19714 | J82: =production!J314 -> 2910 | K82: =production!K314 -> 3048 | L82: =production!L314 -> 2581 | M82: =production!M314 -> 2827 | N82: =production!N314 -> 2909 | O82: =production!O314 -> 2088 | P82: =production!P314 -> 2437 | Q82: =SUM(J82:P82) -> 18800
A83: KAR Supply | B83: =2693 -> 2693 | C83: =2640 -> 2640 | D83: =2726 -> 2726 | E83: =2549 -> 2549 | F83: =2665 -> 2665 | G83: =Supply!E709 -> 2777 | H83: =Supply!J709 -> 2260 | I83: =SUM(B83:H83) -> 18310 | J83: =Supply!O709 -> 3336 | K83: =Supply!T709 -> 2914 | L83: =Supply!Y709 -> 2638 | M83: =Supply!AD709 -> 2787 | N83: =Supply!AI709 -> 2792 | O83: =Supply!AN709 -> 2005 | P83: =Supply!E736 -> 2330 | Q83: =SUM(J83:P83) -> 18802
A84: Daily production sheet | B84: =B82-B83 -> 33 | C84: =C82-C83 -> 146 | D84: =D82-D83 -> 142 | E84: =E82-E83 -> 67 | F84: =F82-F83 -> 253 | G84: =G82-G83 -> 90 | H84: =H82-H83 -> 673 | I84: =I82-I83 -> 1404 | ... Q84: =Q82-Q83 -> -2
A86: Site/Date | B86: 23rd August | C86: 24th August | D86: 25th August | E86: 26th August | F86: 27th August | G86: 28th August | H86: 29th August | I86: week 35 TotaI | J86: 30th August | K86: 31st August | L86: 1st Septmber | M86: 2nd Septmber | N86: 3rd Septmber | O86: 4th Septmber | P86: 5th Septmber | Q86: WEEK 36 tatol
A87: KARATI | B87: =production!B333 -> 2375 | C87: =production!C333 -> 2151 | D87: =production!D333 -> 2753 | E87: =production!E333 -> 2645 | F87: =production!$F$333 -> 3017 | G87: =production!G333 -> 2957 | H87: =production!H333 -> 3063 | I87: =SUM(B87:H87) -> 18961 | J87: =production!J333 -> 2631 | L87: =production!L333 -> 2490 | M87: =production!M333 -> 2264 | N87: =production!N333 -> 2440 | O87: =production!O333 -> 2728 | P87: =production!P333 -> 2595 | Q87: =SUM(J87:P87) -> 15148
A88: KAR Supply | B88: =Supply!J736 -> 2356 | C88: =Supply!O736 -> 2095 | D88: =Supply!T736 -> 2695 | E88: =Supply!Y736 -> 2548 | F88: =Supply!AD736 -> 2840 | G88: =Supply!AI736 -> 2871 | H88: =Supply!AN736 -> 3043 | I88: =SUM(B88:H88) -> 18448 | J88: =Supply!E763 -> 2545 | L88: =Supply!O763 -> 2504 | M88: =Supply!T763 -> 2516 | N88: =Supply!Y763 -> 2335 | O88: =Supply!AD763 -> 2637 | P88: =Supply!AI763 -> 2596 | Q88: =SUM(J88:P88) -> 15133
A89: Daily production sheet | B89: =B87-B88 -> 19 | C89: =C87-C88 -> 56 | D89: =D87-D88 -> 58 | E89: =E87-E88 -> 97 | F89: =F87-F88 -> 177 | G89: =G87-G88 -> 86 | H89: =H87-H88 -> 20 | I89: =I87-I88 -> 513 | ... Q89: =Q87-Q88 -> 15
A91: Site/Date | B91: 6th Septmber | C91: 7th Septmber | D91: 8th Septmber | E91: 9th Septmber | F91: 10th Septmber | G91: 11th Septmber | H91: 12th Septmber | I91: week 37 TotaI | J91: 13th Septmber | K91: 14th Septmber | L91: 15th Septmber | M91: 16th Septmber | N91: 17th Septmber | O91: 18th Septmber | P91: 19th Septmber | Q91: WEEK 38 tatol
A92: KARATI | B92: =production!B355 -> 2419 | C92: =production!C355 -> 2764 | D92: =production!D355 -> 2741 | E92: =production!E355 -> 2829 | F92: =production!F355 -> 2270 | G92: =production!G355 -> 2425 | H92: =production!H355 -> 2560 | I92: =SUM(B92:H92) -> 18008 | J92: =production!J355 -> 2371 | K92: =production!K355 -> 2509 | L92: =production!L355 -> 2205 | M92: =production!M355 -> 2508 | N92: =production!N355 -> 2348 | O92: =production!O355 -> 2663 | P92: =production!P355 -> 2297 | Q92: =SUM(J92:P92) -> 16901
A93: KAR Supply | B93: =Supply!AN763 -> 2494 | C93: =Supply!E790 -> 2722 | D93: =Supply!J790 -> 2701 | E93: =Supply!O790 -> 2514 | F93: =Supply!T790 -> 2216 | G93: =Supply!Y790 -> 2418 | H93: =Supply!AD790 -> 2440 | I93: =SUM(B93:H93) -> 17505 | J93: =Supply!AI790 -> 2345 | K93: =Supply!AN790 -> 2441 | L93: =Supply!E817 -> 2174 | M93: =Supply!J817 -> 2679 | N93: =Supply!O817 -> 2429 | O93: =Supply!T817 -> 2597 | P93: =Supply!T817 -> 2597 | Q93: =SUM(J93:P93) -> 17262
A94: Daily production sheet | B94: =B92-B93 -> -75 | C94: =C92-C93 -> 42 | D94: =D92-D93 -> 40 | E94: =E92-E93 -> 315 | F94: =F92-F93 -> 54 | G94: =G92-G93 -> 7 | H94: =H92-H93 -> 120 | I94: =I92-I93 -> 503 | ... Q94: =Q92-Q93 -> -361
A96: Site/Date | B96: 20th Septmber | C96: 21st Septmber | D96: 22nd Septmber | E96: 23rd Septmber | F96: 24th Septmber | G96: 25th Septmber | H96: 26th Septmber | I96: week 39 TotaI | J96: 27th Septmber | K96: 28th Septmber | L96: 29th Septmber | M96: 30th Septmber | N96: 1st October | O96: 2nd October | P96: 3rd October | Q96: WEEK 40 tatol
A97: KARATI | B97: =production!B377 -> 2350 | C97: =production!C377 -> 2059 | D97: =production!D377 -> 1753 | E97: =production!$E$377 -> 1958 | F97: =production!$F$377 -> 2214 | G97: =production!G377 -> 2123 | H97: =production!$H$377 -> 1620 | I97: =SUM(B97:H97) -> 14077 | J97: =production!J377 -> 1567 | K97: =production!K377 -> 2453 | L97: =production!L377 -> 1470 | M97: =production!$M$377 -> 2119 | N97: =production!N377 -> 1670 | O97: =production!$O$377 -> 1593 | P97: =production!$P$377 -> 1806 | Q97: =SUM(J97:P97) -> 12678
A98: KAR Supply | B98: =Supply!AD817 -> 2316 | C98: =Supply!AI817 -> 2023 | D98: =Supply!AN817 -> 1786 | E98: =Supply!E844 -> 1947 | F98: =Supply!J844 -> 2640 | G98: =Supply!O844 -> 2389 | H98: =Supply!T844 -> 1524 | I98: =SUM(B98:H98) -> 14625 | J98: =Supply!Y844 -> 1397 | K98: =Supply!AD844 -> 2327 | L98: =Supply!AI844 -> 1518 | M98: =Supply!AN844 -> 2194 | N98: =Supply!E871 -> 1659 | O98: =Supply!J871 -> 1566 | P98: =Supply!O871 -> 1717 | Q98: =SUM(J98:P98) -> 12378
A99: Daily production sheet | B99: =B97-B98 -> 34 | C99: =C97-C98 -> 36 | D99: =D97-D98 -> -33 | E99: =E97-E98 -> 11 | F99: =F97-F98 -> -426 | G99: =G97-G98 -> -266 | H99: =H97-H98 -> 96 | I99: =I97-I98 -> -548 | ... Q99: =Q97-Q98 -> 300
A101: Site/Date | B101: 4th October | C101: 5th October | D101: 6th October | E101: 7th October | F101: 8th October | G101: 9th October | H101: 10th October | I101: week 41 TotaI | J101: 11th October | K101: 12th October | L101: 13th October | M101: 14th October | N101: 15th October | O101: 16th October | P101: 17th October | Q101: WEEK 42 tatol
A102: KARATI | B102: =production!B399 -> 1724 | C102: =production!C399 -> 1535 | D102: =production!D399 -> 1287 | E102: =production!E399 -> 1598 | F102: =production!F399 -> 1650 | G102: =production!$G$399 -> 1753 | H102: =production!H399 -> 1790 | I102: =SUM(B102:H102) -> 11337 | J102: =production!J399 -> 1866 | K102: =production!K399 -> 2060 | L102: =production!L399 -> 2303 | M102: =production!M399 -> 2209 | N102: =production!N399 -> 2286 | O102: =production!$O$399 -> 2227 | P102: =production!P399 -> 543 | Q102: =SUM(J102:P102) -> 13494
A103: KAR Supply | B103: =Supply!T871 -> 1570 | C103: =Supply!T859 -> 1700 | D103: =Supply!AD871 -> 1523 | E103: =Supply!AI871 -> 1392 | F103: =Supply!AN871 -> 1608 | G103: =Supply!E898 -> 1461 | H103: =Supply!J898 -> 1484 | I103: =SUM(B103:H103) -> 10738 | J103: =Supply!O898 -> 1784 | K103: =Supply!T898 -> 1990 | L103: =Supply!Y898 -> 2252 | M103: =Supply!AD898 -> 2057 | N103: =Supply!AI898 -> 2148 | O103: =Supply!AN898 -> 2167 | P103: =Supply!E925 -> 3473 | Q103: =SUM(J103:P103) -> 15871
A104: Daily production sheet | B104: =B102-B103 -> 154 | C104: =C102-C103 -> -165 | D104: =D102-D103 -> -236 | E104: =E102-E103 -> 206 | F104: =F102-F103 -> 42 | G104: =G102-G103 -> 292 | H104: =H102-H103 -> 306 | I104: =I102-I103 -> 599 | ... Q104: =Q102-Q103 -> -2377
A106: Site/Date | B106: 18th October | C106: 19th October | D106: 20th October | E106: 21st October | F106: 22nd October | G106: 23rd October | H106: 24th October | I106: week 43 TotaI | J106: 25th October | K106: 26th October | L106: 27th October | M106: 28th October | N106: 29th October | O106: 30th October | P106: 31st October | Q106: WEEK 44 tatol
A107: KARATI | B107: =production!B421 -> 1864 | C107: =production!C421 -> 2000 | D107: =production!D421 -> 1401 | E107: =production!E421 -> 1827 | F107: =production!F421 -> 1764 | G107: =production!G421 -> 1941 | H107: =production!$H$421 -> 1878 | I107: =SUM(B107:H107) -> 12675 | J107: =production!J421 -> 1921 | K107: =production!K421 -> 2020 | L107: =production!L421 -> 1960 | M107: =production!M421 -> 2359 | N107: =production!N421 -> 2087 | O107: =production!O421 -> 1527 | P107: =production!$P$421 -> 1045 | Q107: =SUM(J107:P107) -> 12919
A108: KAR Supply | B108: =Supply!J925 -> 1709 | C108: =Supply!O925 -> 1890 | D108: =Supply!T925 -> 1423 | E108: =Supply!Y925 -> 1783 | F108: =Supply!AD925 -> 2020 | G108: =Supply!AI925 -> 1880 | H108: =Supply!AN925 -> 1859 | I108: =SUM(B108:H108) -> 12564 | J108: =Supply!E952 -> 1896 | K108: =Supply!J952 -> 2004 | L108: =Supply!O952 -> 1988 | M108: =Supply!T952 -> 2299 | N108: =Supply!Y952 -> 1833 | O108: =Supply!AD952 -> 1479 | P108: =Supply!AI952 -> 949 | Q108: =SUM(J108:P108) -> 12448
A109: Daily production sheet | B109: =B107-B108 -> 155 | C109: =C107-C108 -> 110 | D109: =D107-D108 -> -22 | E109: =E107-E108 -> 44 | F109: =F107-F108 -> -256 | G109: =G107-G108 -> 61 | H109: =H107-H108 -> 19 | I109: =I107-I108 -> 111 | ... Q109: =Q107-Q108 -> 471
A111: Site/Date | B111: 1st November | C111: 2nd November | D111: 3rd November | E111: 4th November | F111: 5th November | G111: 6th November | H111: 7th November | I111: week 45 TotaI | J111: 8th November | K111: 9th November | L111: 10th November | M111: 11th November | N111: 12th November | O111: 13th November | P111: 14th November | Q111: WEEK 46 tatol
A112: KARATI | B112: =production!B443 -> 1149 | C112: =production!C443 -> 2148 | D112: =production!D443 -> 2117 | E112: =production!E443 -> 1459 | F112: =production!$F$443 -> 1236 | G112: =production!G443 -> 2012 | H112: =production!H443 -> 1558 | I112: =SUM(B112:H112) -> 11679 | J112: =production!J443 -> 2112 | K112: =production!K443 -> 1916 | L112: =production!L443 -> 1921 | M112: =production!M443 -> 1824 | N112: =production!N443 -> 1982 | O112: =production!O443 -> 1323 | P112: =production!P443 -> 1468 | Q112: =SUM(J112:P112) -> 12546
A113: KAR Supply | B113: =Supply!AN952 -> 1084 | C113: =Supply!E979 -> 2046 | D113: =Supply!J979 -> 2294 | E113: =Supply!O979 -> 2173 | F113: =Supply!T979 -> 2112 | G113: =Supply!Y979 -> 1834 | H113: =Supply!AD979 -> 1877 | I113: =SUM(B113:H113) -> 13420 | J113: =Supply!AI979 -> 1985 | K113: =Supply!AN979 -> 1962 | L113: =Supply!E1006 -> 1936 | M113: =Supply!J1006 -> 2251 | N113: =Supply!O1006 -> 2013 | O113: =Supply!T1006 -> 1515 | P113: =Supply!Y1006 -> 1333 | Q113: =SUM(J113:P113) -> 12995
A114: Daily production sheet | B114: =B112-B113 -> 65 | C114: =C112-C113 -> 102 | D114: =D112-D113 -> -177 | E114: =E112-E113 -> -714 | F114: =F112-F113 -> -876 | G114: =G112-G113 -> 178 | H114: =H112-H113 -> -319 | I114: =I112-I113 -> -1741 | ... Q114: =Q112-Q113 -> -449
A116: Site/Date | B116: 15th November | C116: 16th November | D116: 17th November | E116: 18th November | F116: 19th November | G116: 20th November | H116: 21st November | I116: week 47 TotaI | J116: 22nd November | K116: 23rd November | L116: 24th November | M116: 25th November | N116: 26th November | O116: 27th November | P116: 28th November | Q116: WEEK 48 tatol
A117: KARATI | B117: =production!B465 -> 1410 | C117: =production!C465 -> 1080 | D117: =production!D465 -> 1437 | E117: =production!E465 -> 1705 | F117: =production!F465 -> 1577 | G117: =production!$G$465 -> 1207 | H117: =production!H465 -> 792 | I117: =SUM(B117:H117) -> 9208 | J117: =production!$J$465 -> 2337 | K117: =production!$K$465 -> 1707 | L117: =production!L465 -> 1582 | M117: =production!M465 -> 1395 | N117: =production!N465 -> 1985 | O117: =production!$O$465 -> 1020 | P117: =production!$P$465 -> 1029 | Q117: =SUM(J117:P117) -> 11055
A118: KAR Supply | B118: =Supply!AD1006 -> 1690 | C118: =Supply!AI1006 -> 1075 | D118: =Supply!AN1006 -> 1469 | E118: =Supply!E1033 -> 1991 | F118: =Supply!$J$1033 -> 1740 | G118: =Supply!O1033 -> 332 | H118: =Supply!T1033 -> 962 | I118: =SUM(B118:H118) -> 9259 | J118: =Supply!Y1033 -> 1603 | K118: =Supply!AD1033 -> 1557 | L118: =Supply!AI1033 -> 1487 | M118: =Supply!AN1033 -> 1222 | N118: =Supply!E1060 -> 1962 | O118: =Supply!J1060 -> 1152 | P118: =Supply!O1060 -> 928 | Q118: =SUM(J118:P118) -> 9911
A119: Daily production sheet | B119: =B117-B118 -> -280 | C119: =C117-C118 -> 5 | D119: =D117-D118 -> -32 | E119: =E117-E118 -> -286 | F119: =F117-F118 -> -163 | G119: =G117-G118 -> 875 | H119: =H117-H118 -> -170 | I119: =I117-I118 -> -51 | ... Q119: =Q117-Q118 -> 1144
A121: Site/Date | B121: 29th November | C121: 30th November | D121: 1st December | E121: 2nd December | F121: 3rd December | G121: 4th December | H121: 5th December | I121: week 49 TotaI | J121: 6th December | K121: 7th December | L121: 8th December | M121: 9th December | N121: 10th December | O121: 11th December | P121: 12th December | Q121: WEEK 50 tatol
A122: KARATI | B122: =production!B487 -> 1826 | C122: =production!C487 -> 1861 | D122: 1616 | E122: =production!E487 -> 1864 | F122: =production!F487 -> 1995 | G122: 1862 | H122: 691 | I122: =H122+G122+F122+E122+D122+C122+B122 -> 11715 | J122: 967 | K122: 1743 | L122: 1911 | M122: 1992 | N122: 1860 | O122: 1369 | P122: 1800 | Q122: =SUM(J122:P122) -> 11642
A123: KAR Supply | B123: =Supply!T1060 -> 1736 | C123: =Supply!Y1060 -> 1811 | D123: 1502 | E123: =Supply!AI1060 -> 1770 | F123: =Supply!AN1060 -> 1775 | G123: 1802 | H123: 259 | I123: =+H123+G123+F123+E123+D123+C123+B123 -> 10655 | J123: 911 | K123: =Supply!T1087 -> 2056 | L123: =Supply!Y1087 -> 2016 | M123: =Supply!AD1087 -> 2019 | N123: 2143 | O123: 1227 | P123: 1955 | Q123: =SUM(J123:P123) -> 12327
A124: Daily production sheet | B124: =B122-B123 -> 90 | C124: =C122-C123 -> 50 | D124: =D122-D123 -> 114 | E124: =E122-E123 -> 94 | F124: =F122-F123 -> 220 | G124: =G122-G123 -> 60 | H124: =H122-H123 -> 432 | I124: =H124+G124+F124+E124+D124+C124+B124 -> 1060 | J124: =J122-J123 -> 56 | K124: =K122-K123 -> -313 | L124: =L122-L123 -> -105 | M124: =M122-M123 -> -27 | N124: =N122-N123 -> -283 | O124: =O122-O123 -> 142 | P124: =P122-P123 -> -155 | Q124: =Q122-Q123 -> -685
...

Sheet DTI
B1: Site/Date | C1: 29th December | D1: 30th December | E1: 31st December | F1: 1st Jan | G1: 2nd Jan | H1: 3rd Jan | I1: 4th Jan | J1: week 1Total | K1: 5th Jan | L1: 6th Jan | M1: 7th Jan | N1: 8th Jan | O1: 9th Jan | P1: 10th Jan | Q1: 11th Jan | R1: week 2 Total
B2: DTI | C2: =production!B15 -> 1700 | D2: =production!C15 -> 1264 | E2: =production!D15 -> 1870 | F2: =production!E15 -> 2069 | G2: =production!F15 -> 1496 | H2: =production!G15 -> 1630 | I2: =production!H15 -> 1669 | J2: =SUM(C2:I2) -> 11698 | K2: =production!J15 -> 1552 | L2: =production!K15 -> 1795 | M2: =production!L15 -> 1830 | N2: =production!M15 -> 1690 | O2: 1822 | P2: =production!O15 -> 1895 | Q2: =production!P15 -> 1607 | R2: =SUM(K2:Q2) -> 12191
B3: DTI Supply | C3: =Supply!O3 -> 1700 | D3: =Supply!T3 -> 1260 | E3: =Supply!Y3 -> 1870 | F3: =Supply!E26 -> 1990 | G3: =Supply!J26 -> 1440 | H3: =Supply!O26 -> 1630 | I3: =Supply!T26 -> 1640 | J3: =SUM(C3:I3) -> 11530 | K3: =Supply!Y26 -> 1480 | L3: =Supply!E49 -> 1710 | M3: =Supply!J49 -> 1830 | N3: =Supply!O49 -> 1500 | O3: 1822 | P3: =Supply!T49 -> 1670 | Q3: =Supply!E72 -> 1580 | R3: =SUM(K3:Q3) -> 11592
B4: Daily production sheet | C4: =C2-C3 -> 0 | D4: =D2-D3 -> 4 | E4: =E2-E3 -> 0 | F4: =F2-F3 -> 79 | G4: =G2-G3 -> 56 | H4: =H2-H3 -> 0 | I4: =I2-I3 -> 29 | J4: =SUM(C4:I4) -> 168 | K4: =K2-K3 -> 72 | L4: =L2-L3 -> 85 | M4: =M2-M3 -> 0 | N4: =N2-N3 -> 190 | O4: =O2-O3 -> 0 | P4: =P2-P3 -> 225 | Q4: =Q2-Q3 -> 27 | R4: =SUM(K4:Q4) -> 599
B6: Site/Date | C6: 12th Jan | D6: 13th Jan | E6: 14th Jan | F6: 15th Jan | G6: 16th Jan | H6: 17th Jan | I6: 18th Jan | J6: week 3 Total | K6: 19th Jan | L6: 20th Jan | M6: 21st Jan | N6: 22nd Jan | O6: 23rd Jan | P6: 24th Jan | Q6: 25th Jan | R6: week 4 Total
B7: DTI | C7: =production!B34 -> 1860 | D7: =production!C34 -> 1829 | E7: =production!D34 -> 1380 | F7: 1997 | G7: 1228 | H7: =production!G34 -> 1658 | I7: =production!H34 -> 1787 | J7: =SUM(C7:I7) -> 11739 | K7: =production!J34 -> 1880 | L7: =production!K34 -> 1968 | M7: =production!L34 -> 1542 | N7: =production!M34 -> 1782 | O7: =production!N34 -> 1703 | P7: =production!O34 -> 1879 | Q7: =production!P34 -> 1888 | R7: =SUM(K7:Q7) -> 12642
B8: DTI Supply | C8: =Supply!J72 -> 1770 | D8: =Supply!O72 -> 1710 | E8: =Supply!T72 -> 1290 | F8: 1830 | G8: 1070 | H8: =Supply!AI72 -> 1490 | I8: =Supply!AN72 -> 1780 | J8: =SUM(C8:I8) -> 10940 | K8: =Supply!E95 -> 1680 | L8: =Supply!J95 -> 1850 | M8: =Supply!O95 -> 1420 | N8: =Supply!T95 -> 1830 | O8: =Supply!Y95 -> 1610 | P8: =Supply!AD95 -> 1840 | Q8: =Supply!AI95 -> 1830 | R8: =SUM(K8:Q8) -> 12060
B9: Daily production sheet | C9: =C7-C8 -> 90 | D9: =D7-D8 -> 119 | E9: =E7-E8 -> 90 | F9: =F7-F8 -> 167 | G9: =G7-G8 -> 158 | H9: =H7-H8 -> 168 | I9: =I7-I8 -> 7 | J9: =SUM(C9:I9) -> 799 | K9: =K7-K8 -> 200 | L9: =L7-L8 -> 118 | M9: =M7-M8 -> 122 | N9: =N7-N8 -> -48 | O9: =O7-O8 -> 93 | P9: =P7-P8 -> 39 | Q9: =Q7-Q8 -> 58 | R9: =SUM(K9:Q9) -> 582
B12: Site/Date | C12: 26th Jan | D12: 27th Jan | E12: 28th Jan | F12: 29th Jan | G12: 30th Jan | H12: 31st Jan | I12: 1st Feb | J12: week 5 Total | K12: 2nd Feb | L12: 3rd Feb | M12: 4th Feb | N12: 5th Feb | O12: 6th Feb | P12: 7th Feb | Q12: 8th Feb | R12: week 6 Total
B13: DTI | C13: =production!B53 -> 1826 | D13: 1554 | E13: =production!D53 -> 1870 | F13: =production!E53 -> 2005 | G13: 1214 | H13: 1429 | I13: 1634 | J13: =SUM(C13:I13) -> 11532 | K13: 1780 | L13: 1779 | M13: 1797 | N13: 1824 | O13: 1867 | P13: 1702 | Q13: 2076 | R13: =SUM(K13:Q13) -> 12825
B14: DTI Supply | C14: =Supply!AN95 -> 1670 | D14: 1470 | E14: =Supply!J118 -> 1870 | F14: =Supply!O118 -> 1850 | G14: 1140 | H14: 1420 | I14: 1470 | J14: =SUM(C14:I14) -> 10890 | K14: 1761 | L14: 1640 | M14: 1760 | N14: 1760 | O14: 1720 | P14: 1440 | Q14: 1870 | R14: =SUM(K14:Q14) -> 11951
B16: Site/Date | C16: 9th feb | D16: 10th feb | E16: 11th feb | F16: 12th feb | G16: 13th feb | H16: 14th feb | I16: 15th feb | J16: week 7 | K16: 16th feb | L16: 17th feb | M16: 18th feb | N16: 19th feb | O16: 20th feb | P16: 21st feb | Q16: 22nd feb | R16: week 8
B17: DTI | C17: 1146 | D17: 1920 | E17: 2390 | F17: 1680 | G17: 1738 | H17: 1437 | I17: 1872 | J17: =SUM(C17:I17) -> 12183 | K17: 1786 | L17: 1677 | M17: 1672 | N17: =production!$M$73 -> 1815 | O17: =production!N73 -> 1821 | P17: =production!O73 -> 1681 | Q17: =production!$P$73 -> 1855 | R17: =SUM(K17:Q17) -> 12307
B18: DTI Supply | C18: 960 | D18: 1880 | E18: 1670 | F18: 1660 | G18: 1600 | H18: 1210 | I18: 1820 | J18: =SUM(C18:I18) -> 10800 | K18: 1730 | L18: 1450 | M18: 1630 | N18: =Supply!AN164 -> 1710 | O18: =Supply!E187 -> 1720 | P18: =Supply!J187 -> 1600 | Q18: =Supply!O187 -> 1720 | R18: =SUM(K18:Q18) -> 11560
B19: Daily production sheet | C19: =C17-C18 -> 186 | D19: =D17-D18 -> 40 | E19: =E17-E18 -> 720 | F19: =F17-F18 -> 20 | G19: =G17-G18 -> 138 | H19: =H17-H18 -> 227 | I19: =I17-I18 -> 52 | J19: =J17-J18 -> 1383 | ... R19: =R17-R18 -> 747
B21: Site/Date | C21: 23rd feb | D21: 24th feb | E21: 25th feb | F21: 26th feb | G21: 27th feb | H21: 28th feb | I21: 29th feb | J21: week 9 | K21: 1st March | L21: 2nd March | M21: 3rd March | N21: 4th March | O21: 5th March | P21: 6th March | Q21: 7th March | R21: week 10
B22: DTI | C22: =production!$B$92 -> 1350 | D22: =production!$C$92 -> 1048 | E22: =production!$D$92 -> 1150 | F22: =production!$E$92 -> 940 | G22: =production!F92 -> 830 | H22: =production!$G$92 -> 920 | I22: =production!$H$92 -> 1050 | J22: =SUM(C22:I22) -> 7288 | K22: 1023 | L22: 1524 | M22: =production!$L$92 -> 1460 | N22: =production!M92 -> 1669 | O22: =production!$N$92 -> 2121 | P22: =production!O92 -> 1380 | Q22: =production!P92 -> 2107 | R22: =SUM(K22:Q22) -> 11284
B23: DTI Supply | C23: =Supply!T187 -> 1350 | D23: =Supply!Y187 -> 1040 | E23: =Supply!AD187 -> 1150 | F23: =Supply!AI187 -> 1120 | G23: =Supply!AN187 -> 830 | H23: =Supply!E210 -> 920 | I23: =Supply!J210 -> 1050 | J23: =SUM(C23:I23) -> 7460 | K23: 1090 | L23: 1480 | M23: =Supply!Y210 -> 1460 | N23: =Supply!AD210 -> 1600 | O23: =Supply!AI210 -> 1870 | P23: =Supply!AN210 -> 1380 | Q23: =Supply!E233 -> 1930 | R23: =SUM(K23:Q23) -> 10810
B24: Daily production sheet | C24: =C22-C23 -> 0 | D24: =D22-D23 -> 8 | E24: =E22-E23 -> 0 | F24: =F22-F23 -> -180 | G24: =G22-G23 -> 0 | H24: =H22-H23 -> 0 | I24: =I22-I23 -> 0 | J24: =J22-J23 -> -172 | ... R24: =R22-R23 -> 474
B26: Site/Date | C26: 8th March | D26: 9th March | E26: 10th March | F26: 11th March | G26: 12th March | H26: 13th March | I26: 14th March | J26: week 11 | K26: 15th March | L26: 16th March | M26: 17th March | N26: 18th March | O26: 19th March | P26: 20th March | Q26: 21st March | R26: week 12
B27: DTI | C27: =production!I111 -> 12405 | D27: 1630 | E27: =production!$D$111 -> 1682 | F27: =production!E111 -> 1872 | G27: =production!$F$111 -> 1678 | H27: =production!$G$111 -> 1760 | I27: =production!$H$111 -> 1770 | J27: =SUM(C27:I27) -> 22797 | K27: =production!$J$111 -> 1786 | L27: =production!$K$111 -> 1745 | M27: =production!$L$111 -> 1648 | N27: =production!M111 -> 1831 | O27: =production!N111 -> 1606 | P27: =production!O111 -> 1705 | Q27: =production!P111 -> 1855 | R27: =SUM(K27:Q27) -> 12176
B28: DTI Supply | C28: =Supply!J233 -> 1920 | D28: 1590 | E28: =Supply!T233 -> 1600 | F28: =Supply!Y233 -> 1710 | G28: =Supply!AD233 -> 1590 | H28: =Supply!AI233 -> 1740 | I28: =Supply!AN233 -> 1670 | J28: =SUM(C28:I28) -> 11820 | K28: =Supply!E256 -> 1740 | L28: =Supply!J256 -> 1700 | M28: =Supply!O256 -> 1560 | N28: =Supply!T256 -> 1740 | O28: =Supply!Y256 -> 1410 | P28: =Supply!AD256 -> 1650 | Q28: =Supply!AI256 -> 1730 | R28: =SUM(K28:Q28) -> 11530
B29: Daily production sheet | C29: =C27-C28 -> 10485 | D29: =D27-D28 -> 40 | E29: =E27-E28 -> 82 | F29: =F27-F28 -> 162 | G29: =G27-G28 -> 88 | H29: =H27-H28 -> 20 | I29: =I27-I28 -> 100 | J29: =J27-J28 -> 10977 | ... R29: =R27-R28 -> 646
B31: Site/Date | C31: 22nd March | D31: 23rd March | E31: 24th March | F31: 25th March | G31: 26th March | H31: 27th March | I31: 28th March | J31: week 13 week | K31: 29th March | L31: 30th March | M31: 31st March | N31: 1st April | O31: 2nd April | P31: 3rd April | Q31: 4th April | R31: week 14 week
B32: DTI | C32: =production!B130 -> 1875 | D32: =production!C130 -> 1828 | E32: =production!D130 -> 1851 | F32: =production!$E$130 -> 1928 | G32: =production!F130 -> 1774 | H32: =production!$G$130 -> 1695 | I32: =production!H130 -> 1650 | J32: =SUM(C32:I32) -> 12601 | K32: =production!J130 -> 1758 | L32: =production!K130 -> 1674 | M32: =production!L130 -> 1488 | N32: =production!$M$130 -> 1252 | O32: =production!$N$130 -> 1253 | P32: 1289 | Q32: =production!$P$130 -> 1249 | R32: =SUM(K32:Q32) -> 9963
B33: DTI Supply | C33: =Supply!AN256 -> 1810 | D33: =Supply!E279 -> 1740 | E33: =Supply!J279 -> 1750 | F33: =Supply!O279 -> 1770 | G33: =Supply!T279 -> 1690 | H33: =Supply!Y279 -> 1560 | I33: =Supply!AD279 -> 1650 | J33: =SUM(C33:I33) -> 11970 | K33: =Supply!AI279 -> 1660 | L33: =Supply!AN279 -> 1510 | M33: =Supply!E302 -> 1310 | N33: =Supply!J302 -> 1240 | O33: =Supply!O302 -> 1200 | P33: 1080 | Q33: =Supply!Y302 -> 1090 | R33: =SUM(K33:Q33) -> 9090
B34: Daily production sheet | C34: =C32-C33 -> 65 | D34: =D32-D33 -> 88 | E34: =E32-E33 -> 101 | F34: =F32-F33 -> 158 | G34: =G32-G33 -> 84 | H34: =H32-H33 -> 135 | I34: =I32-I33 -> 0 | J34: =J32-J33 -> 631 | ... R34: =R32-R33 -> 873
B36: Site/Date | C36: 5th April | D36: 6th April | E36: 7th April | F36: 8th April | G36: 9th April | H36: 10th April | I36: 11th April | J36: week 15 week | K36: 12th April | L36: 13th April | M36: 14th April | N36: 15th April | O36: 16th April | P36: 17th April | Q36: 18th April | R36: week 16week
B37: DTI | C37: =production!$B$149 -> 1570 | D37: =production!$C$149 -> 1595 | E37: =production!$D$149 -> 1399 | F37: =production!$E$149 -> 1560 | G37: =production!$F$149 -> 1893 | H37: =production!$G$149 -> 1780 | I37: =production!$H$149 -> 1961 | J37: =SUM(C37:I37) -> 11758 | K37: =production!J149 -> 1920 | L37: =production!K149 -> 1747 | M37: =production!L149 -> 1590 | N37: =production!$M$149 -> 1829 | O37: =production!N149 -> 1938 | P37: =production!$O$149 -> 1913 | Q37: =production!$P$149 -> 1764 | R37: =SUM(K37:Q37) -> 12701
B38: DTI Supply | C38: =Supply!AD302 -> 1570 | D38: =Supply!AI302 -> 1520 | E38: =Supply!AN302 -> 1350 | F38: =Supply!E325 -> 1470 | G38: =Supply!J325 -> 1830 | H38: =Supply!O325 -> 1700 | I38: =Supply!T325 -> 1760 | J38: =SUM(C38:I38) -> 11200 | K38: =Supply!Y325 -> 1920 | L38: =Supply!AD325 -> 1590 | M38: =Supply!AI325 -> 1610 | N38: =Supply!AN325 -> 1750 | O38: =Supply!E348 -> 1870 | P38: =Supply!J348 -> 1700 | Q38: =Supply!O348 -> 1680 | R38: =SUM(K38:Q38) -> 12120
B39: Daily production sheet | C39: =C37-C38 -> 0 | D39: =D37-D38 -> 75 | E39: =E37-E38 -> 49 | F39: =F37-F38 -> 90 | G39: =G37-G38 -> 63 | H39: =H37-H38 -> 80 | I39: =I37-I38 -> 201 | J39: =J37-J38 -> 558 | ... R39: =R37-R38 -> 581
B41: Site/Date | C41: 19th April | D41: 20th April | E41: 21st April | F41: 22nd April | G41: 23rd April | H41: 24th April | I41: 25th April | J41: week 17 week | K41: 26th April | L41: 27th April | M41: 28th April | N41: 29th April | O41: 30th April | P41: 1st May | Q41: 2nd May | R41: week 18week
B42: DTI | C42: =production!$B$168 -> 1813 | D42: =production!$C$168 -> 1805 | E42: =production!$D$168 -> 1840 | F42: 1870 | G42: =production!$F$168 -> 130 | H42: =production!G168 -> 390 | I42: =production!H168 -> 390 | J42: =SUM(C42:I42) -> 8238 | K42: =production!$J$168 -> 420 | L42: =production!$K$168 -> 1594 | M42: =production!$L$168 -> 1461 | N42: =production!$M$168 -> 1557 | O42: =production!N168 -> 1655 | P42: =production!O168 -> 1558 | Q42: =production!$P$168 -> 1480 | R42: =SUM(K42:Q42) -> 9725
B43: DTI Supply | C43: =Supply!T348 -> 1690 | D43: =Supply!Y348 -> 1790 | E43: =Supply!AD348 -> 1710 | F43: =Supply!AI348 -> 1810 | G43: =Supply!AN348 -> 130 | H43: =Supply!E371 -> 390 | I43: =Supply!J371 -> 0 | J43: =SUM(C43:I43) -> 7520 | K43: =Supply!O371 -> 570 | L43: =Supply!T371 -> 1160 | M43: =Supply!Y371 -> 1280 | N43: =Supply!AD371 -> 1350 | O43: =Supply!AI371 -> 1810 | P43: =Supply!AN371 -> 1260 | Q43: =Supply!E394 -> 1200 | R43: =SUM(K43:Q43) -> 8630
B44: Daily production sheet | C44: =C42-C43 -> 123 | D44: =D42-D43 -> 15 | E44: =E42-E43 -> 130 | F44: =F42-F43 -> 60 | G44: =G42-G43 -> 0 | H44: =H42-H43 -> 0 | I44: =I42-I43 -> 390 | J44: =J42-J43 -> 718 | ... R44: =R42-R43 -> 1095
B46: Site/Date | C46: 3rd May | D46: 4th May | E46: 5th May | F46: 6th May | G46: 7th May | H46: 8th May | I46: 9th May | J46: week19week | K46: 10th May | L46: 11th May | M46: 12th May | N46: 13th May | O46: 14th May | P46: 15th May | Q46: 16th May | R46: week 20week
B47: DTI | C47: =production!$B$187 -> 1649 | D47: 490 | E47: =production!$D$187 -> 0 | F47: =production!$E$187 -> 524 | G47: =production!F187 -> 1245 | H47: =production!G187 -> 1540 | I47: =production!H187 -> 1821 | J47: =SUM(C47:I47) -> 7269 | K47: =production!J187 -> 1925 | L47: =production!K187 -> 965 | M47: =production!L187 -> 1602 | N47: =production!M187 -> 1600 | O47: =production!N187 -> 2040 | P47: =production!$O$187 -> 2087 | Q47: =production!P187 -> 2410 | R47: =SUM(K47:Q47) -> 12629
B48: DTI Supply | C48: =Supply!J394 -> 1400 | D48: =Supply!O394 -> 490 | E48: =Supply!T394 -> 0 | F48: =Supply!Y394 -> 440 | G48: =Supply!AD394 -> 1180 | H48: =Supply!AI394 -> 1810 | I48: =Supply!AN394 -> 1570 | J48: =SUM(C48:I48) -> 6890 | K48: =Supply!E417 -> 1690 | L48: =Supply!J417 -> 890 | M48: =Supply!O417 -> 1390 | N48: =Supply!T417 -> 1600 | O48: =Supply!Y417 -> 2040 | P48: =Supply!AD417 -> 2050 | Q48: =Supply!AI417 -> 2410 | R48: =SUM(K48:Q48) -> 12070
B49: Daily production sheet | C49: =C47-C48 -> 249 | D49: =D47-D48 -> 0 | E49: =E47-E48 -> 0 | F49: =F47-F48 -> 84 | G49: =G47-G48 -> 65 | H49: =H47-H48 -> -270 | I49: =I47-I48 -> 251 | J49: =J47-J48 -> 379 | ... R49: =R47-R48 -> 559
B51: Site/Date | C51: 17th May | D51: 18th May | E51: 19th May | F51: 20th May | G51: 21st May | H51: 22nd May | I51: 23rd May | J51: week21week | K51: 24th May | L51: 25th May | M51: 26th May | N51: 27th May | O51: 28th May | P51: 29th May | Q51: 30th May | R51: week 22week
B52: DTI | C52: =production!B206 -> 2240 | D52: =production!C206 -> 2330 | E52: =production!D206 -> 2000 | F52: =production!E206 -> 1369 | G52: =production!F206 -> 600 | H52: =production!$G$206 -> 31 | I52: =production!H206 -> 1549 | J52: =SUM(C52:I52) -> 10119 | K52: =production!J206 -> 1534 | L52: =production!K206 -> 1519 | M52: =production!L206 -> 1495 | N52: =production!M206 -> 1517 | O52: =production!N206 -> 1319 | P52: =production!O206 -> 1514 | Q52: =production!P206 -> 1496 | R52: =SUM(K52:Q52) -> 10394
B53: DTI Supply | C53: =Supply!AN417 -> 2240 | D53: =Supply!E440 -> 2330 | E53: =Supply!J440 -> 2000 | F53: =Supply!O440 -> 1190 | G53: =Supply!T440 -> 600 | H53: =Supply!Y440 -> 1120 | I53: =Supply!AD440 -> 1420 | J53: =SUM(C53:I53) -> 10900 | K53: =Supply!AI440 -> 1400 | L53: =Supply!AN440 -> 1400 | M53: =Supply!E463 -> 1360 | N53: =Supply!J463 -> 1290 | O53: =Supply!O463 -> 1240 | P53: =Supply!T463 -> 1460 | Q53: =Supply!Y463 -> 1340 | R53: =SUM(K53:Q53) -> 9490
B54: Daily production sheet | C54: =C52-C53 -> 0 | D54: =D52-D53 -> 0 | E54: =E52-E53 -> 0 | F54: =F52-F53 -> 179 | G54: =G52-G53 -> 0 | H54: =H52-H53 -> -1089 | I54: =I52-I53 -> 129 | J54: =J52-J53 -> -781 | ... R54: =R52-R53 -> 904
B56: Site/Date | C56: 31st May | D56: 1st June | E56: 2nd June | F56: 3rd June | G56: 4th June | H56: 5th June | I56: 6th June | J56: week 23 TotaI | K56: 7th June | L56: 8th June | M56: 9th June | N56: 10th June | O56: 11th June | P56: 12th June | Q56: 13th June | R56: WEEK 24 tatol
B57: DTI | C57: 1443 | D57: 1487 | E57: 1489 | F57: =production!E225 -> 1520 | G57: =production!F225 -> 1470 | H57: =production!G225 -> 1552 | I57: =production!H225 -> 1405 | J57: =SUM(C57:I57) -> 10366 | K57: =production!J225 -> 1243 | L57: =production!K225 -> 1172 | M57: =production!L225 -> 1322 | N57: =production!M225 -> 1508 | O57: =production!N225 -> 1523 | P57: =production!O225 -> 0 | Q57: =production!P225 -> 1306 | R57: =SUM(K57:Q57) -> 8074
B58: DTI Supply | C58: 1320 | D58: 1420 | E58: 1400 | F58: =Supply!E486 -> 1270 | G58: =Supply!J486 -> 1390 | H58: =Supply!O486 -> 1410 | I58: =Supply!T486 -> 1310 | J58: =SUM(C58:I58) -> 9520 | K58: =Supply!Y486 -> 1140 | L58: =Supply!AD486 -> 1120 | M58: =Supply!AI486 -> 1400 | N58: =Supply!AN486 -> 1290 | O58: =Supply!E509 -> 1460 | P58: =Supply!J509 -> 0 | Q58: =Supply!O509 -> 1020 | R58: =SUM(K58:Q58) -> 7430
B59: Daily production sheet | C59: =C57-C58 -> 123 | D59: =D57-D58 -> 67 | E59: =E57-E58 -> 89 | F59: =F57-F58 -> 250 | G59: =G57-G58 -> 80 | H59: =H57-H58 -> 142 | I59: =I57-I58 -> 95 | J59: =J57-J58 -> 846 | ... R59: =R57-R58 -> 644
B61: Site/Date | C61: 14th June | D61: 15th June | E61: 16th June | F61: 17th June | G61: 18th June | H61: 19th June | I61: 20th June | J61: week 25 TotaI | K61: 21st June | L61: 22nd June | M61: 23rd June | N61: 24th June | O61: 25th June | P61: 26th June | Q61: 27th June | R61: WEEK 26 tatol
B62: DTI | C62: =production!$B$244 -> 2219 | D62: =production!$C$244 -> 2172 | E62: =production!$D$244 -> 2177 | F62: =production!$E$244 -> 2039 | G62: =production!$F$244 -> 2148 | H62: =production!G244 -> 2130 | I62: =production!H244 -> 2180 | J62: =SUM(C62:I62) -> 15065 | K62: =production!J244 -> 2177 | L62: =production!K244 -> 2156 | M62: =production!L244 -> 2149 | N62: =production!M244 -> 2134 | O62: =production!N244 -> 1832 | P62: =production!$O$244 -> 1701 | Q62: =production!$P$244 -> 1924 | R62: =SUM(K62:Q62) -> 14073
B63: DTI Supply | C63: =Supply!T509 -> 2000 | D63: =Supply!Y509 -> 1760 | E63: =Supply!AD509 -> 1810 | F63: =Supply!AI509 -> 1400 | G63: =Supply!AN509 -> 1880 | H63: =Supply!E532 -> 1640 | I63: =Supply!J532 -> 1720 | J63: =SUM(C63:I63) -> 12210 | K63: =Supply!O532 -> 1990 | L63: =Supply!T532 -> 1780 | M63: =Supply!Y532 -> 1720 | N63: =Supply!AD532 -> 1740 | O63: =Supply!AI532 -> 1400 | P63: =Supply!AN532 -> 1490 | Q63: =Supply!E555 -> 1760 | R63: =SUM(K63:Q63) -> 11880
B64: Daily production sheet | C64: =C62-C63 -> 219 | D64: =D62-D63 -> 412 | E64: =E62-E63 -> 367 | F64: =F62-F63 -> 639 | G64: =G62-G63 -> 268 | H64: =H62-H63 -> 490 | I64: =I62-I63 -> 460 | J64: =J62-J63 -> 2855 | ... R64: =R62-R63 -> 2193
B66: Site/Date | C66: 28th June | D66: 29th June | E66: 30th June | F66: 1st July | G66: 2nd July | H66: 3rd July | I66: 4th July | J66: week 27 TotaI | K66: 5th July | L66: 6th July | M66: 7th July | N66: 8th July | O66: 9th July | P66: 10th July | Q66: 11th July | R66: WEEK 28 tatol
B67: DTI | C67: =production!B263 -> 2147 | D67: =production!C263 -> 2041 | E67: =production!D263 -> 2151 | F67: =production!E263 -> 2176 | G67: =production!F263 -> 2031 | H67: =production!G263 -> 2175 | I67: =production!H263 -> 2113 | J67: =SUM(C67:I67) -> 14834 | K67: =production!J263 -> 2109 | L67: =production!K263 -> 2166 | M67: =production!L263 -> 2109 | N67: =production!M263 -> 2161 | O67: =production!N263 -> 2103 | P67: =production!O263 -> 2150 | Q67: =production!$P$263 -> 850 | R67: =SUM(K67:Q67) -> 13648
B68: DTI Supply | C68: =Supply!J555 -> 1780 | D68: =Supply!O555 -> 1690 | E68: =Supply!T555 -> 1770 | F68: =Supply!Y555 -> 1840 | G68: =Supply!AD555 -> 1750 | H68: =Supply!AI555 -> 1400 | I68: =Supply!AN555 -> 1800 | J68: =SUM(C68:I68) -> 12030 | K68: =Supply!E578 -> 1730 | L68: =Supply!J578 -> 1800 | M68: =Supply!O578 -> 1790 | N68: =Supply!T578 -> 1660 | O68: =Supply!Y578 -> 1710 | P68: =Supply!AD578 -> 1810 | Q68: =Supply!AI578 -> 1400 | R68: =SUM(K68:Q68) -> 11900
B69: Daily production sheet | C69: =C67-C68 -> 367 | D69: =D67-D68 -> 351 | E69: =E67-E68 -> 381 | F69: =F67-F68 -> 336 | G69: =G67-G68 -> 281 | H69: =H67-H68 -> 775 | I69: =I67-I68 -> 313 | J69: =J67-J68 -> 2804 | ... R69: =R67-R68 -> 1748
B71: Site/Date | C71: 12th July | D71: 13th July | E71: 14th July | F71: 15th July | G71: 16th July | H71: 17th July | I71: 18th July | J71: week 29 TotaI | K71: 19th July | L71: 20th July | M71: 21st July | N71: 22nd July | O71: 23rd July | P71: 24th July | Q71: 25th July | R71: WEEK 30 tatol
B72: DTI | C72: =production!B282 -> 1600 | D72: =production!C282 -> 2135 | E72: =production!D282 -> 2151 | F72: =production!E282 -> 2170 | G72: =production!$F$282 -> 1950 | H72: =production!$G$282 -> 1943 | I72: =production!H282 -> 1817 | J72: =SUM(C72:I72) -> 13766 | K72: =production!J282 -> 1839 | L72: =production!K282 -> 1253 | M72: =production!L282 -> 1666 | N72: =production!M282 -> 1909 | O72: =production!N282 -> 1837 | P72: =production!$O$282 -> 1923 | Q72: =production!P282 -> 1742 | R72: =SUM(K72:Q72) -> 12169
B73: DTI Supply | C73: =Supply!AN578 -> 1350 | D73: =Supply!E601 -> 1770 | E73: =Supply!J601 -> 1800 | F73: =Supply!O601 -> 1840 | G73: =Supply!T601 -> 1670 | H73: =Supply!Y601 -> 1670 | I73: =Supply!AD601 -> 1680 | J73: =SUM(C73:I73) -> 11780 | K73: =Supply!AI601 -> 1860 | L73: =Supply!AN601 -> 1150 | M73: =Supply!E625 -> 1580 | N73: =Supply!J625 -> 1890 | O73: =Supply!O625 -> 1640 | P73: =Supply!T625 -> 1900 | Q73: =Supply!Y625 -> 1640 | R73: =SUM(K73:Q73) -> 11660
B74: Daily production sheet | C74: =C72-C73 -> 250 | D74: =D72-D73 -> 365 | E74: =E72-E73 -> 351 | F74: =F72-F73 -> 330 | G74: =G72-G73 -> 280 | H74: =H72-H73 -> 273 | I74: =I72-I73 -> 137 | J74: =J72-J73 -> 1986 | ... R74: =R72-R73 -> 509
B76: Site/Date | C76: 26th July | D76: 27th July | E76: 28th July | F76: 29th July | G76: 30th July | H76: 31st July | I76: 1st August | J76: week 31 TotaI | K76: 2nd August | L76: 3rd August | M76: 4th August | N76: 5th August | O76: 6th August | P76: 7th August | Q76: 8th August | R76: WEEK 32 tatol
B77: DTI | C77: 1829 | D77: 1863 | E77: 1860 | F77: =production!E301 -> 1906 | G77: =production!F301 -> 1860 | H77: =production!G301 -> 1847 | I77: =production!H301 -> 1850 | J77: =SUM(C77:I77) -> 13015 | K77: =production!J301 -> 1913 | L77: =production!K301 -> 1807 | M77: =production!L301 -> 1829 | N77: =production!M301 -> 1864 | O77: 1823 | P77: 1733 | Q77: =production!P301 -> 1800 | R77: =SUM(K77:Q77) -> 12769
B78: DTI Supply | C78: 1760 | D78: 1860 | E78: 1790 | F78: =Supply!E649 -> 1580 | G78: =Supply!J649 -> 1840 | H78: =Supply!O649 -> 1700 | I78: =Supply!T649 -> 1850 | J78: =SUM(C78:I78) -> 12380 | K78: =Supply!Y649 -> 1740 | L78: =Supply!AD649 -> 1810 | M78: =Supply!AI649 -> 1640 | N78: =Supply!AN649 -> 1790 | O78: 1830 | P78: 1730 | Q78: =Supply!O673 -> 1800 | R78: =SUM(K78:Q78) -> 12340
B79: Daily production sheet | C79: =C77-C78 -> 69 | D79: =D77-D78 -> 3 | E79: =E77-E78 -> 70 | F79: =F77-F78 -> 326 | G79: =G77-G78 -> 20 | H79: =H77-H78 -> 147 | I79: =I77-I78 -> 0 | J79: =J77-J78 -> 635 | ... R79: =R77-R78 -> 429
B81: Site/Date | C81: 9th August | D81: 10th August | E81: 11th August | F81: 12th August | G81: 13th August | H81: 14th August | I81: 15th August | J81: week 33 TotaI | K81: 16th August | L81: 17th August | M81: 18th August | N81: 19th August | O81: 20th August | P81: 21st August | Q81: 22nd August | R81: WEEK 34 tatol
B82: DTI | C82: 1671 | D82: 1640 | E82: 1790 | F82: 1272 | G82: 1480 | H82: =production!$G$320 -> 1860 | I82: =production!H320 -> 1750 | J82: =SUM(C82:I82) -> 11463 | K82: =production!J320 -> 1800 | L82: =production!K320 -> 1726 | M82: =production!L320 -> 1820 | N82: =production!M320 -> 1840 | O82: =production!N320 -> 1660 | P82: =production!O320 -> 1770 | Q82: =production!P320 -> 1660 | R82: =SUM(K82:Q82) -> 12276
B83: DTI Supply | C83: 1660 | D83: 1640 | E83: 1790 | F83: 1230 | G83: 1413 | H83: =Supply!E699 -> 1860 | I83: =Supply!J699 -> 1750 | J83: =SUM(C83:I83) -> 11343 | K83: =Supply!O699 -> 1800 | L83: =Supply!T699 -> 1600 | M83: =Supply!Y699 -> 1820 | N83: =Supply!AD699 -> 1840 | O83: =Supply!AI699 -> 1660 | P83: =Supply!AN699 -> 1770 | Q83: =Supply!E724 -> 1660 | R83: =SUM(K83:Q83) -> 12150
B84: Daily production sheet | D84: =D82-D83 -> 0 | E84: =E82-E83 -> 0 | F84: =F82-F83 -> 42 | G84: =G82-G83 -> 67 | H84: =H82-H83 -> 0 | I84: =I82-I83 -> 0 | J84: =J82-J83 -> 120 | K84: =K82-K83 -> 0 | ... R84: =R82-R83 -> 126
B86: Site/Date | C86: 23rd August | D86: 24th August | E86: 25th August | F86: 26th August | G86: 27th August | H86: 28th August | I86: 29th August | J86: week 35 TotaI | K86: 30th August | L86: 31st August | M86: 1st Septmber | N86: 2nd Septmber | O86: 3rd Septmber | P86: 4th Septmber | Q86: 5th Septmber | R86: WEEK 36 tatol
B87: DTI | C87: =production!B340 -> 1790 | D87: =production!C340 -> 1800 | E87: =production!D340 -> 1680 | F87: =production!E340 -> 1740 | G87: =production!$F$340 -> 1790 | H87: =production!G340 -> 1666 | I87: =production!H340 -> 1710 | J87: =SUM(C87:I87) -> 12176 | K87: =production!J340 -> 1680 | L87: =production!K340 -> 1598 | M87: =production!L340 -> 1648 | N87: =production!M340 -> 1850 | O87: =production!N340 -> 1626 | P87: =production!O340 -> 1780 | Q87: =production!P340 -> 1710 | R87: =SUM(K87:Q87) -> 11892
B88: DTI Supply | C88: =Supply!J724 -> 1790 | D88: =Supply!O724 -> 1800 | E88: =Supply!T724 -> 1680 | F88: =Supply!Y724 -> 1740 | G88: =Supply!AD724 -> 1790 | H88: =Supply!AI724 -> 1650 | I88: =Supply!AN724 -> 1710 | J88: =SUM(C88:I88) -> 12160 | K88: =Supply!E751 -> 1680 | L88: =Supply!J751 -> 1750 | M88: =Supply!O751 -> 1590 | N88: =Supply!T751 -> 1850 | O88: =Supply!Y751 -> 1570 | P88: =Supply!AD751 -> 1780 | Q88: =Supply!AI751 -> 1780 | R88: =SUM(K88:Q88) -> 12000
B89: Daily production sheet | D89: =D87-D88 -> 0 | E89: =E87-E88 -> 0 | F89: =F87-F88 -> 0 | G89: =G87-G88 -> 0 | H89: =H87-H88 -> 16 | I89: =I87-I88 -> 0 | J89: =J87-J88 -> 16 | K89: =K87-K88 -> 0 | ... R89: =R87-R88 -> -108
B91: Site/Date | C91: 6th Septmber | D91: 7th Septmber | E91: 8th Septmber | F91: 9th Septmber | G91: 10th Septmber | H91: 11th Septmber | I91: 12th Septmber | J91: week 37 TotaI | K91: 13th Septmber | L91: 14th Septmber | M91: 15th Septmber | N91: 16th Septmber | O91: 17th Septmber | P91: 18th Septmber | Q91: 19th Septmber | R91: WEEK 38 tatol
B92: DTI | C92: =production!B362 -> 1646 | D92: =production!C362 -> 1685 | E92: =production!D362 -> 1625 | F92: =production!E362 -> 1692 | G92: =production!F362 -> 1770 | H92: =production!G362 -> 1675 | I92: =production!H362 -> 1669 | J92: =SUM(C92:I92) -> 11762 | K92: =production!J362 -> 1719 | L92: =production!K362 -> 1608 | M92: =production!L362 -> 1675 | N92: =production!M362 -> 1668 | O92: =production!N362 -> 1335 | P92: =production!O362 -> 1713 | Q92: =production!P362 -> 1666 | R92: =SUM(K92:Q92) -> 11384
B93: DTI Supply | C93: =Supply!AN751 -> 1620 | D93: =Supply!E778 -> 1770 | E93: =Supply!J778 -> 1780 | F93: =Supply!O778 -> 1670 | G93: =Supply!T778 -> 1770 | H93: =Supply!Y778 -> 1740 | I93: =Supply!AD778 -> 1800 | J93: =SUM(C93:I93) -> 12150 | K93: =Supply!AI778 -> 1740 | L93: =Supply!AN778 -> 1720 | M93: =Supply!E805 -> 1700 | N93: =Supply!J805 -> 1710 | O93: =Supply!O805 -> 1450 | P93: =Supply!T805 -> 1710 | Q93: =Supply!T805 -> 1710 | R93: =SUM(K93:Q93) -> 11740
B94: Daily production sheet | C94: =C92-C93 -> 26 | D94: =D92-D93 -> -85 | E94: =E92-E93 -> -155 | F94: =F92-F93 -> 22 | G94: =G92-G93 -> 0 | H94: =H92-H93 -> -65 | I94: =I92-I93 -> -131 | J94: =J92-J93 -> -388 | ... R94: =R92-R93 -> -356
B96: Site/Date | C96: 20th Septmber | D96: 21st Septmber | E96: 22nd Septmber | F96: 23rd Septmber | G96: 24th Septmber | H96: 25th Septmber | I96: 26th Septmber | J96: week 39 TotaI | K96: 27th Septmber | L96: 28th Septmber | M96: 29th Septmber | N96: 30th Septmber | O96: 1st October | P96: 2nd October | Q96: 3rd October | R96: WEEK 40 tatol
B97: DTI | C97: =production!B384 -> 1666 | D97: =production!C384 -> 1603 | E97: =production!D384 -> 1548 | F97: =production!$E$384 -> 1489 | G97: =production!$F$384 -> 1691 | H97: =production!G384 -> 1676 | I97: =production!$H$384 -> 1147 | J97: =SUM(C97:I97) -> 10820 | K97: =production!J384 -> 1696 | L97: =production!K384 -> 1697 | M97: =production!L384 -> 1641 | N97: =production!$M$384 -> 1602 | O97: =production!N384 -> 1682 | P97: =production!$O$384 -> 1674 | Q97: =production!$P$384 -> 1663 | R97: =SUM(K97:Q97) -> 11655
B98: DTI Supply | C98: =Supply!AD805 -> 1710 | D98: =Supply!AI805 -> 1730 | E98: =Supply!AN805 -> 1570 | F98: =Supply!E832 -> 1550 | G98: =Supply!J832 -> 1750 | H98: =Supply!O832 -> 1700 | I98: =Supply!T832 -> 1180 | J98: =SUM(C98:I98) -> 11190 | K98: =Supply!Y832 -> 1790 | L98: =Supply!AD832 -> 1760 | M98: =Supply!AI832 -> 1730 | N98: =Supply!AN832 -> 1750 | O98: =Supply!E859 -> 1670 | P98: =Supply!J859 -> 1660 | Q98: =Supply!O859 -> 1850 | R98: =SUM(K98:Q98) -> 12210
B99: Daily production sheet | C99: =C97-C98 -> -44 | D99: =D97-D98 -> -127 | E99: =E97-E98 -> -22 | F99: =F97-F98 -> -61 | G99: =G97-G98 -> -59 | H99: =H97-H98 -> -24 | I99: =I97-I98 -> -33 | J99: =J97-J98 -> -370 | ... R99: =R97-R98 -> -555
B101: Site/Date | C101: 4th October | D101: 5th October | E101: 6th October | F101: 7th October | G101: 8th October | H101: 9th October | I101: 10th October | J101: week 41 TotaI | K101: 11th October | L101: 12th October | M101: 13th October | N101: 14th October | O101: 15th October | P101: 16th October | Q101: 17th October | R101: WEEK 42 tatol
B102: DTI | C102: =production!B406 -> 1682 | D102: =production!C406 -> 1526 | E102: =production!D406 -> 1699 | F102: =production!E406 -> 1635 | G102: =production!F406 -> 1654 | H102: =production!$G$406 -> 1680 | I102: =production!H406 -> 1673 | J102: =SUM(C102:I102) -> 11549 | K102: =production!J406 -> 1583 | L102: =production!K406 -> 1690 | M102: =production!L406 -> 1678 | N102: =production!M406 -> 1658 | O102: =production!N406 -> 1665 | P102: =production!$O$406 -> 1663 | Q102: =production!P406 -> 1240 | R102: =SUM(K102:Q102) -> 11177
B103: DTI Supply | C103: =Supply!T859 -> 1700 | D103: =Supply!Y859 -> 1570 | E103: =Supply!AD859 -> 1770 | F103: =Supply!AI859 -> 1630 | G103: =Supply!AN859 -> 1730 | H103: =Supply!E886 -> 1670 | I103: =Supply!J886 -> 1800 | J103: =SUM(C103:I103) -> 11870 | K103: =Supply!O886 -> 1630 | L103: =Supply!T886 -> 1660 | M103: =Supply!Y886 -> 1810 | N103: =Supply!AD886 -> 1770 | O103: =Supply!AI886 -> 1710 | P103: =Supply!AN886 -> 1660 | Q103: =Supply!E913 -> 1240 | R103: =SUM(K103:Q103) -> 11480
B104: Daily production sheet | C104: =C102-C103 -> -18 | D104: =D102-D103 -> -44 | E104: =E102-E103 -> -71 | F104: =F102-F103 -> 5 | G104: =G102-G103 -> -76 | H104: =H102-H103 -> 10 | I104: =I102-I103 -> -127 | J104: =J102-J103 -> -321 | ... R104: =R102-R103 -> -303
B106: Site/Date | C106: 18th October | D106: 19th October | E106: 20th October | F106: 21st October | G106: 22nd October | H106: 23rd October | I106: 24th October | J106: week 43 TotaI | K106: 25th October | L106: 26th October | M106: 27th October | N106: 28th October | O106: 29th October | P106: 30th October | Q106: 31st October | R106: WEEK 44 tatol
B107: DTI | C107: =production!B428 -> 1720 | D107: =production!C428 -> 1730 | E107: =production!D428 -> 1740 | F107: =production!E428 -> 1710 | G107: =production!F428 -> 1110 | H107: =production!G428 -> 1470 | I107: =production!$H$428 -> 1780 | J107: =SUM(C107:I107) -> 11260 | K107: =production!J428 -> 1706 | L107: =production!K428 -> 1697 | M107: =production!L428 -> 1615 | N107: =production!M428 -> 1720 | O107: =production!N428 -> 1605 | P107: =production!O428 -> 1651 | Q107: =production!$P$428 -> 1299 | R107: =SUM(K107:Q107) -> 11293
B108: DTI Supply | C108: =Supply!J913 -> 1720 | D108: =Supply!O913 -> 1730 | E108: =Supply!T913 -> 1740 | F108: =Supply!Y913 -> 1710 | G108: =Supply!AD913 -> 1110 | H108: =Supply!AI913 -> 1470 | I108: =Supply!AN913 -> 1780 | J108: =SUM(C108:I108) -> 11260 | K108: =Supply!E940 -> 1770 | L108: =Supply!J940 -> 1720 | M108: =Supply!O940 -> 1760 | N108: =Supply!T940 -> 1700 | O108: =Supply!Y940 -> 1530 | P108: =Supply!AD940 -> 1690 | Q108: =Supply!AI940 -> 1370 | R108: =SUM(K108:Q108) -> 11540
B109: Daily production sheet | C109: =C107-C108 -> 0 | D109: =D107-D108 -> 0 | E109: =E107-E108 -> 0 | F109: =F107-F108 -> 0 | G109: =G107-G108 -> 0 | H109: =H107-H108 -> 0 | I109: =I107-I108 -> 0 | J109: =J107-J108 -> 0 | ... R109: =R107-R108 -> -247
B111: Site/Date | C111: 1st November | D111: 2nd November | E111: 3rd November | F111: 4th November | G111: 5th November | H111: 6th November | I111: 7th November | J111: week 45 TotaI | K111: 8th November | L111: 9th November | M111: 10th November | N111: 11th November | O111: 12th November | P111: 13th November | Q111: 14th November | R111: WEEK 46 tatol
B112: DTI | C112: =production!B450 -> 1083 | D112: =production!C450 -> 1717 | E112: =production!D450 -> 1660 | F112: =production!E450 -> 1726 | G112: =production!$F$450 -> 1662 | H112: =production!G450 -> 2012 | I112: =production!H450 -> 2148 | J112: =SUM(C112:I112) -> 12008 | K112: =production!J450 -> 1933 | L112: =production!K450 -> 1940 | M112: =production!L450 -> 1703 | N112: =production!M450 -> 1743 | O112: =production!N450 -> 1859 | P112: =production!O450 -> 1225 | Q112: =production!P450 -> 826 | R112: =SUM(K112:Q112) -> 11229
B113: DTI Supply | C113: =Supply!AN940 -> 990 | D113: =Supply!E967 -> 1890 | E113: =Supply!J967 -> 1670 | F113: =Supply!O967 -> 1780 | G113: =Supply!T967 -> 1730 | H113: =Supply!Y967 -> 1920 | I113: =Supply!AD967 -> 2340 | J113: =SUM(C113:I113) -> 12320 | K113: =Supply!AI967 -> 1860 | L113: =Supply!AN967 -> 2140 | M113: =Supply!E994 -> 1730 | N113: =Supply!J994 -> 1520 | O113: =Supply!O994 -> 2000 | P113: =Supply!T994 -> 1300 | Q113: =Supply!Y994 -> 890 | R113: =SUM(K113:Q113) -> 11440
B114: Daily production sheet | C114: =C112-C113 -> 93 | D114: =D112-D113 -> -173 | E114: =E112-E113 -> -10 | F114: =F112-F113 -> -54 | G114: =G112-G113 -> -68 | H114: =H112-H113 -> 92 | I114: =I112-I113 -> -192 | J114: =J112-J113 -> -312 | ... R114: =R112-R113 -> -211
B116: Site/Date | C116: 15th November | D116: 16th November | E116: 17th November | F116: 18th November | G116: 19th November | H116: 20th November | I116: 21st November | J116: week 47 TotaI | K116: 22nd November | L116: 23rd November | M116: 24th November | N116: 25th November | O116: 26th November | P116: 27th November | Q116: 28th November | R116: week 48 TotaI
B117: DTI | C117: =production!B472 -> 780 | D117: =production!C472 -> 560 | E117: =production!D472 -> 1759 | F117: =production!E472 -> 1738 | G117: =production!F472 -> 1732 | H117: =production!$G$472 -> 1726 | I117: =production!H472 -> 1705 | J117: =SUM(C117:I117) -> 10000 | K117: =production!J472 -> 1554 | L117: =production!K472 -> 1669 | M117: =production!L472 -> 1749 | N117: =production!M472 -> 897 | O117: =production!N472 -> 1731 | P117: =production!$O$472 -> 1340 | Q117: =production!$P$472 -> 1652 | R117: =SUM(K117:Q117) -> 10592
B118: DTI Supply | C118: =Supply!AD994 -> 860 | D118: =Supply!AI994 -> 600 | E118: =Supply!AN994 -> 1690 | F118: =Supply!E1021 -> 1780 | G118: =Supply!$J$1021 -> 1760 | H118: =Supply!O1021 -> 1750 | I118: =Supply!T1021 -> 1730 | J118: =SUM(C118:I118) -> 10170 | K118: =Supply!Y1021 -> 1440 | L118: =Supply!AD1021 -> 1810 | M118: =Supply!AI1021 -> 1760 | N118: =Supply!AN1021 -> 910 | O118: =Supply!E1048 -> 1770 | P118: =Supply!J1048 -> 1450 | Q118: =Supply!O1048 -> 1610 | R118: =SUM(K118:Q118) -> 10750
B119: Daily production sheet | C119: =C117-C118 -> -80 | D119: =D117-D118 -> -40 | E119: =E117-E118 -> 69 | F119: =F117-F118 -> -42 | G119: =G117-G118 -> -28 | H119: =H117-H118 -> -24 | I119: =I117-I118 -> -25 | J119: =J117-J118 -> -170 | ... R119: =R117-R118 -> -158
B121: Site/Date | C121: 29th November | D121: 30th November | E121: 1st December | F121: 2nd December | G121: 3rd December | H121: 4th December | I121: 5th December | J121: week 49 TotaI | K121: 6th December | L121: 7th December | M121: 8th December | N121: 9th December | O121: 10th December | P121: 11th December | Q121: 12th December | R121: week 50 TotaI
B122: DTI | C122: =production!B494 -> 1667 | D122: =production!C494 -> 1748 | E122: 1680 | F122: =production!E494 -> 1689 | G122: =production!F494 -> 1740 | H122: 1701 | I122: 1339 | J122: =I122+H122+G122+F122+E122+D122+C122 -> 11564 | K122: 1640 | L122: 1780 | M122: 1682 | N122: 1729 | O122: 1724 | P122: 1734 | Q122: 1764 | R122: =SUM(K122:Q122) -> 12053
B123: DTI Supply | C123: =Supply!T1048 -> 1750 | D123: =Supply!Y1048 -> 1840 | E123: 1700 | F123: =Supply!AI1048 -> 1620 | G123: =Supply!AN1048 -> 1770 | H123: 1750 | I123: 1350 | J123: =I123+H123+G123+F123+E123+D123+C123 -> 11780 | K123: 1660 | L123: 1780 | M123: 1700 | N123: 1690 | O123: 1670 | P123: 1770 | Q123: 1830 | R123: =SUM(K123:Q123) -> 12100
B124: Daily production sheet | C124: =C122-C123 -> -83 | D124: =D122-D123 -> -92 | E124: =E122-E123 -> -20 | F124: =F122-F123 -> 69 | G124: =G122-G123 -> -30 | H124: =H122-H123 -> -49 | I124: =I122-I123 -> -11 | J124: =I124+H124+G124+F124+E124+D124+C124 -> -216 | K124: =K123-K122 -> 20 | L124: =L123-L122 -> 0 | M124: =M123-M122 -> 18 | N124: =N123-N122 -> -39 | O124: =O122-O123 -> 54 | P124: =P122-P123 -> -36 | Q124: =Q122-Q123 -> -66 | R124: =R122-R123 -> -47
B126: Site/Date | C126: 13th November | D126: 14th November | E126: 15th December | F126: 16th December | G126: 17thDecember | H126: 18th December | I126: 19th December | J126: week 51 TotaI | K126: 20th December | L126: 21st December | M126: 22nd December | N126: 23rd December | O126: 24th December | P126: 25th December | Q126: 26th December | R126: week 52 TotaI
...

Sheet Kwh
A1: Daily production sheet
A2: Site/Date | B2: 29th December | C2: 30th December | D2: 31st December | E2: 1st Jan | F2: 2nd Jan | G2: 3rd Jan | H2: 4th Jan | I2: week 1 Total | J2: 5th Jan | K2: 6th Jan | L2: 7th Jan | M2: 8th Jan | N2: 9th Jan | O2: 10th Jan | P2: 11th Jan | Q2: week 2 Total
A3: DCK | B3: 385 | C3: 294 | D3: 380 | E3: 308 | F3: 216 | G3: 201 | H3: 262 | I3: =SUM(B3:H3) -> 2046 | J3: 258 | K3: 202 | L3: 309 | M3: 285 | N3: 346 | O3: 255 | P3: 152 | Q3: =SUM(J3:P3) -> 1807 | R3: =181+165 -> 346
A4: WWS | B4: 1074 | C4: 1166 | D4: 996 | E4: 1048 | F4: 1028 | G4: 1089 | H4: 958 | I4: =SUM(B4:H4) -> 7359 | J4: 1041 | K4: 1127 | L4: 654 | M4: 1184 | N4: 1071 | O4: 895 | P4: 990 | Q4: =SUM(J4:P4) -> 6962
A5: Mai Mahiu | B5: 168 | C5: 7 | D5: 90 | E5: 46 | F5: 79 | G5: 29 | H5: 88 | I5: =SUM(B5:H5) -> 507 | J5: 70 | K5: 105 | L5: 124 | M5: 85 | N5: 80 | O5: 40 | P5: 108 | Q5: =SUM(J5:P5) -> 612
A6: Ngondi | B6: 0 | C6: 0 | D6: 0 | E6: 0 | F6: 0 | G6: 0 | H6: 0 | I6: =SUM(B6:H6) -> 0 | J6: 0 | K6: 0 | L6: 0 | M6: 0 | N6: 0 | O6: 0 | P6: 0 | Q6: =SUM(J6:P6) -> 0
A7: NIP | B7: 0 | C7: 0 | D7: 0 | E7: 0 | F7: 0 | G7: 2869 | H7: 0 | I7: =SUM(B7:H7) -> 2869 | J7: 0 | K7: 0 | L7: 0 | M7: 0 | N7: 1823 | O7: 0 | P7: 0 | Q7: =SUM(J7:P7) -> 1823 | S7: =269461-269459 -> 2
A8: Southern | B8: =SUM(B3:B7) -> 1627 | C8: =SUM(C3:C7) -> 1467 | D8: =SUM(D3:D7) -> 1466 | E8: =SUM(E3:E7) -> 1402 | F8: =SUM(F3:F7) -> 1323 | G8: =G5+G4+G3 -> 1319 | H8: =SUM(H3:H7) -> 1308 | I8: =SUM(I3:I7) -> 12781 | J8: =SUM(J3:J5) -> 1369 | K8: =SUM(K3:K5) -> 1434 | L8: =SUM(L3:L7) -> 1087 | M8: =SUM(M3:M4) -> 1469 | N8: =SUM(N3:N7) -> 3320 | O8: =SUM(O3:O5) -> 1190 | P8: =SUM(P3:P5) -> 1250 | Q8: =SUM(Q3:Q5) -> 9381
A9: KARATI | B9: 2418 | C9: 2420 | D9: 2473 | E9: 2533 | F9: 2142 | G9: 2266 | H9: 2012 | I9: =SUM(B9:H9) -> 16264 | J9: 2241 | K9: 2425 | L9: 2415 | M9: 2580 | N9: 2038 | O9: 1993 | P9: 2114 | Q9: =SUM(J9:P9) -> 15806
A10: Kinungi BH | B10: 0 | C10: 0 | D10: 0 | E10: 0 | F10: 0 | G10: 0 | H10: 0 | I10: =SUM(B10:H10) -> 0 | J10: 0 | K10: 0 | L10: 0 | M10: 0 | N10: 0 | O10: 0 | P10: 0 | Q10: =SUM(J10:P10) -> 0
A11: Karati PP | B11: 0 | C11: 0 | D11: 0 | E11: 0 | F11: 0 | G11: 0 | H11: 67 | I11: =SUM(B11:H11) -> 67 | J11: 0 | K11: 0 | L11: 0 | M11: 0 | N11: 0 | O11: 0 | P11: 40 | Q11: =SUM(J11:P11) -> 40
A12: Eastern | B12: =SUM(B9:B11) -> 2418 | C12: =SUM(C9:C11) -> 2420 | D12: =SUM(D9:D11) -> 2473 | E12: =SUM(E9:E11) -> 2533 | F12: =SUM(F9:F11) -> 2142 | G12: =G9 -> 2266 | H12: =SUM(H9:H11) -> 2079 | I12: =SUM(I9:I11) -> 16331 | J12: =SUM(J9:J11) -> 2241 | K12: =SUM(K9:K11) -> 2425 | L12: =SUM(L9:L11) -> 2415 | M12: =SUM(M9:M11) -> 2580 | N12: =SUM(N9:N11) -> 2038 | O12: =SUM(O9:O11) -> 1993 | ... Q12: =SUM(Q9:Q11) -> 15846
A13: AIC | B13: 321 | C13: 477 | D13: 488 | E13: 478 | F13: 161 | G13: 143 | H13: 93 | I13: =SUM(B13:H13) -> 2161 | J13: 96 | K13: 93 | L13: 430 | M13: 481 | N13: 155 | O13: 115 | P13: 126 | Q13: =SUM(J13:P13) -> 1496
A14: DTI | B14: 864 | C14: 652 | D14: 952 | E14: 1014 | F14: 736 | G14: 838 | H14: 830 | I14: =SUM(B14:H14) -> 5886 | J14: 773 | K14: 870 | L14: 927 | M14: 768 | N14: 849 | O14: 949 | P14: 808 | Q14: =SUM(J14:P14) -> 5944
A15: Police Line | B15: 390 | C15: 409 | D15: 353 | E15: 310 | F15: 347 | G15: 420 | H15: 327 | I15: =SUM(B15:H15) -> 2556 | J15: 401 | K15: 410 | L15: 415 | M15: 206 | N15: 2 | O15: 140 | P15: 154 | Q15: =SUM(J15:P15) -> 1728
A16: Central BL | B16: =SUM(B13:B15) -> 1575 | C16: =SUM(C13:C15) -> 1538 | D16: =SUM(D13:D15) -> 1793 | E16: =SUM(E13:E15) -> 1802 | F16: =SUM(F13:F15) -> 1244 | G16: =G15+G14+G13 -> 1401 | H16: =SUM(H13:H15) -> 1250 | I16: =SUM(I13:I15) -> 10603 | J16: =SUM(J13:J15) -> 1270 | K16: =SUM(K13:K15) -> 1373 | L16: =SUM(L13:L15) -> 1772 | M16: =SUM(M13:M15) -> 1455 | N16: =SUM(N13:N15) -> 1006 | O16: =SUM(O13:O15) -> 1204 | ... Q16: =SUM(Q13:Q15) -> 9168
A17: TOTALS | B17: =B8+B16+B12 -> 5620 | C17: =C8+C16+C12 -> 5425 | D17: =D8+D16+D12 -> 5732 | E17: =E8+E16+E12 -> 5737 | F17: =F8+F16+F12 -> 4709 | G17: =G16+G12+G8 -> 4986 | H17: =H8+H16+H12 -> 4637 | I17: =I8+I16+I12 -> 39715 | J17: =J8+J16+J12 -> 4880 | K17: =K8+K16+K12 -> 5232 | L17: =L8+L16+L12 -> 5274 | M17: =M8+M16+M12 -> 5504 | N17: =N8+N16+N12 -> 6364 | O17: =O8+O16+O12 -> 4387 | ... Q17: =Q8+Q16+Q12 -> 34395
A19: Daily production sheet
A20: Site/Date | B20: 12th Jan | C20: 13th Jan | D20: 14th Jan | E20: 15th Jan | F20: 16th Jan | G20: 17th Jan | H20: 18th Jan | I20: week 3 Total | J20: 19th Jan | K20: 20th Jan | L20: 21st Jan | M20: 22nd Jan | N20: 23rd Jan | O20: 24th Jan | P20: 25th Jan | Q20: week 4 Total
A21: DCK | B21: 199 | C21: 233 | D21: 254 | E21: 92 | F21: 266 | G21: 243 | H21: 256 | I21: =SUM(B21:H21) -> 1543 | J21: 130 | K21: 207 | L21: 298 | M21: 388 | N21: 415 | O21: 239 | P21: 361 | Q21: =SUM(J21:P21) -> 2038
A22: WWS | B22: 1028 | C22: 971 | D22: 967 | E22: 895 | F22: 998 | G22: 974 | H22: 1061 | I22: =SUM(B22:H22) -> 6894 | J22: 967 | K22: 1098 | L22: 808 | M22: 731 | N22: 891 | O22: 1061 | P22: 1199 | Q22: =SUM(J22:P22) -> 6755
A23: Mai Mahiu | B23: 79 | C23: 34 | D23: 126 | E23: 90 | F23: 73 | G23: 93 | H23: 50 | I23: =SUM(B23:H23) -> 545 | J23: 164 | K23: 229 | L23: 80 | M23: 0 | N23: 0 | O23: 96 | P23: 49 | Q23: =SUM(J23:P23) -> 618
A24: Ngondi | G24: 0 | H24: 0 | I24: =SUM(B24:H24) -> 0 | J24: 0 | K24: 0 | L24: 0 | M24: 0 | N24: 0 | O24: 0 | P24: 0 | Q24: =SUM(J24:P24) -> 0
A25: NIP | G25: 0 | H25: 0 | I25: =SUM(B25:H25) -> 0 | J25: 0 | K25: 0 | L25: 0 | M25: 0 | N25: 2505 | O25: 1700 | P25: 0 | Q25: =SUM(J25:P25) -> 4205
A26: Southern | B26: =SUM(B21:B25) -> 1306 | C26: =SUM(C21:C25) -> 1238 | D26: =SUM(D21:D25) -> 1347 | E26: =SUM(E21:E25) -> 1077 | F26: =SUM(F21:F25) -> 1337 | G26: =G23+G22+G21 -> 1310 | H26: =SUM(H21:H25) -> 1367 | I26: =SUM(I21:I25) -> 8982 | J26: =SUM(J21:J23) -> 1261 | K26: =SUM(K21:K23) -> 1534 | L26: =SUM(L21:L25) -> 1186 | M26: =SUM(M21:M22) -> 1119 | N26: =SUM(N21:N25) -> 3811 | O26: =SUM(O21:O23) -> 1396 | P26: =SUM(P21:P23) -> 1609 | Q26: =SUM(Q21:Q23) -> 9411
A27: KARATI | B27: 1785 | C27: 2146 | D27: 1746 | E27: 1730 | F27: 1988 | G27: 2205 | H27: 1814 | I27: =SUM(B27:H27) -> 13414 | J27: 1952 | K27: 2557 | L27: 1377 | M27: 757 | N27: 1657 | O27: 2688 | P27: 2595 | Q27: =SUM(J27:P27) -> 13583
A28: Kinungi BH | G28: 0 | H28: 0 | I28: =SUM(B28:H28) -> 0 | J28: 0 | K28: 0 | L28: 0 | M28: 0 | N28: 0 | O28: 0 | P28: 0 | Q28: =SUM(J28:P28) -> 0
A29: Karati PP | G29: 0 | H29: 30 | I29: =SUM(B29:H29) -> 30 | J29: 0 | K29: 0 | L29: 0 | M29: 0 | N29: 0 | O29: 0 | P29: 50 | Q29: =SUM(J29:P29) -> 50
A30: Eastern | B30: =SUM(B27:B29) -> 1785 | C30: =SUM(C27:C29) -> 2146 | D30: =SUM(D27:D29) -> 1746 | E30: =SUM(E27:E29) -> 1730 | F30: =SUM(F27:F29) -> 1988 | G30: =G27 -> 2205 | H30: =SUM(H27:H29) -> 1844 | I30: =SUM(I27:I29) -> 13444 | J30: =SUM(J27:J29) -> 1952 | K30: =SUM(K27:K29) -> 2557 | L30: =SUM(L27:L29) -> 1377 | M30: =SUM(M27:M29) -> 757 | N30: =SUM(N27:N29) -> 1657 | O30: =SUM(O27:O29) -> 2688 | ... Q30: =SUM(Q27:Q29) -> 13633
A31: AIC | B31: 87 | C31: 85 | D31: 84 | E31: 79 | F31: 93 | G31: 110 | H31: 69 | I31: =SUM(B31:H31) -> 607 | J31: 178 | K31: 76 | L31: 79 | M31: 177 | N31: 114 | O31: 92 | P31: 112 | Q31: =SUM(J31:P31) -> 828
A32: DTI | B32: 900 | C32: 874 | D32: 657 | E32: 927 | F32: 548 | G32: 762 | H32: 908 | I32: =SUM(B32:H32) -> 5576 | J32: 855 | K32: 942 | L32: 726 | M32: 929 | N32: 808 | O32: 942 | P32: 919 | Q32: =SUM(J32:P32) -> 6121
A33: Police Line | B33: 273 | C33: 316 | D33: 349 | E33: 422 | F33: 457 | G33: 381 | H33: 394 | I33: =SUM(B33:H33) -> 2592 | J33: 383 | K33: 400 | L33: 301 | M33: 410 | N33: 375 | O33: 246 | P33: 323 | Q33: =SUM(J33:P33) -> 2438
A34: Central BL | B34: =SUM(B31:B33) -> 1260 | C34: =SUM(C31:C33) -> 1275 | D34: =SUM(D31:D33) -> 1090 | E34: =SUM(E31:E33) -> 1428 | F34: =SUM(F31:F33) -> 1098 | G34: =SUM(G31:G33) -> 1253 | H34: =SUM(H31:H33) -> 1371 | I34: =SUM(I31:I33) -> 8775 | ... Q34: =SUM(Q31:Q33) -> 9387
A35: TOTALS | B35: =B26+B34+B30 -> 4351 | C35: =C26+C34+C30 -> 4659 | D35: =D26+D34+D30 -> 4183 | E35: =E26+E34+E30 -> 4235 | F35: =F26+F34+F30 -> 4423 | G35: =G34+G30+G26 -> 4768 | H35: =H26+H34+H30 -> 4582 | I35: =I26+I34+I30 -> 31201 | J35: =J26+J34+J30 -> 4629 | K35: =K26+K34+K30 -> 5509 | L35: =L26+L34+L30 -> 3669 | M35: =M26+M34+M30 -> 3392 | N35: =N26+N34+N30 -> 6765 | O35: =O26+O34+O30 -> 5364 | ... Q35: =Q26+Q34+Q30 -> 32431
A37: Daily production sheet
A38: Site/Date | B38: 26th Jan | C38: 27th Jan | D38: 28th Jan | E38: 29th Jan | F38: 30th Jan | G38: 31st Jan | H38: 1st Feb | I38: week 5 Total | J38: 2nd Feb | K38: 3rd Feb | L38: 4th Feb | M38: 5th Feb | N38: 6th Feb | O38: 7th Feb | P38: 8th Feb | Q38: week 6 Total
A39: DCK | B39: 375 | C39: 340 | D39: 330 | E39: 326 | F39: 359 | G39: 253 | H39: 320 | I39: =SUM(B39:H39) -> 2303 | J39: 393 | K39: 398 | L39: 336 | M39: 327 | N39: 342 | O39: 326 | P39: 376 | Q39: =SUM(J39:P39) -> 2498
A40: WWS | B40: 975 | C40: 1025 | D40: 1010 | E40: 1161 | F40: 727 | G40: 1030 | H40: 800 | I40: =SUM(B40:H40) -> 6728 | J40: 1062 | K40: 971 | L40: 1205 | M40: 1185 | N40: 912 | O40: 1022 | P40: 936 | Q40: =SUM(J40:P40) -> 7293
A41: Mai Mahiu | B41: 111 | C41: 83 | D41: 78 | E41: 75 | F41: 129 | G41: 193 | H41: 110 | I41: =SUM(B41:H41) -> 779 | J41: 104 | K41: 184 | L41: 78 | M41: 121 | N41: 77 | O41: 77 | P41: 69 | Q41: =SUM(J41:P41) -> 710
A42: Ngondi | B42: 0 | C42: 0 | D42: 0 | E42: 0 | I42: =SUM(B42:H42) -> 0 | Q42: =SUM(J42:P42) -> 0
A43: NIP | B43: 0 | C43: 0 | D43: 0 | E43: 0 | F43: 2984 | I43: =SUM(B43:H43) -> 2984 | Q43: =SUM(J43:P43) -> 0
A44: Southern | B44: =SUM(B39:B43) -> 1461 | C44: =SUM(C39:C43) -> 1448 | D44: =SUM(D39:D43) -> 1418 | E44: =SUM(E39:E43) -> 1562 | F44: =SUM(F39:F43) -> 4199 | G44: =SUM(G39:G43) -> 1476 | H44: =SUM(H39:H43) -> 1230 | I44: =SUM(I39:I43) -> 12794 | J44: =SUM(J39:J41) -> 1559 | K44: =SUM(K39:K41) -> 1553 | L44: =SUM(L39:L43) -> 1619 | M44: =SUM(M39:M40) -> 1512 | N44: =SUM(N39:N43) -> 1331 | O44: =SUM(O39:O41) -> 1425 | P44: =SUM(P39:P41) -> 1381 | Q44: =SUM(Q39:Q41) -> 10501
A45: KARATI | B45: 2563 | C45: 2622 | D45: 2575 | E45: 1793 | F45: 1556 | G45: 2042 | H45: 1509 | I45: =SUM(B45:H45) -> 14660 | J45: 2564 | K45: 2813 | L45: 3303 | M45: 3428 | N45: 2804 | O45: 2494 | P45: 3181 | Q45: =SUM(J45:P45) -> 20587
A46: Kinungi BH | B46: 0 | C46: 0 | D46: 0 | E46: 0 | I46: =SUM(B46:H46) -> 0 | J46: 0 | Q46: =SUM(J46:P46) -> 0
A47: Karati PP | B47: 0 | C47: 0 | D47: 0 | E47: 0 | I47: 31 | J47: 0 | P47: 80 | Q47: =SUM(J47:P47) -> 80
A48: Eastern | B48: =SUM(B45:B47) -> 2563 | C48: =SUM(C45:C47) -> 2622 | D48: =SUM(D45:D47) -> 2575 | E48: =SUM(E45:E47) -> 1793 | F48: =SUM(F45:F47) -> 1556 | G48: =G45 -> 2042 | H48: =SUM(H45:H47) -> 1509 | I48: =SUM(I45:I47) -> 14691 | J48: =SUM(J45:J47) -> 2564 | K48: =SUM(K45:K47) -> 2813 | L48: =SUM(L45:L47) -> 3303 | M48: =SUM(M45:M47) -> 3428 | N48: =SUM(N45:N47) -> 2804 | O48: =SUM(O45:O47) -> 2494 | ... Q48: =SUM(Q45:Q47) -> 20667
A49: AIC | B49: 92 | C49: 98 | D49: 95 | E49: 208 | F49: 86 | G49: 116 | H49: 110 | I49: =SUM(B49:H49) -> 805 | J49: 74 | K49: 131 | L49: 87 | M49: 103 | N49: 98 | O49: 101 | P49: 89 | Q49: =SUM(J49:P49) -> 683
A50: DTI | B50: 860 | C50: 758 | D50: 946 | E50: 945 | F50: 577 | G50: 730 | H50: 754 | I50: =SUM(B50:H50) -> 5570 | J50: 909 | K50: 837 | L50: 898 | M50: 893 | N50: 870 | O50: 738 | P50: 847 | Q50: =SUM(J50:P50) -> 5992
A51: Police Line | B51: 211 | C51: 407 | D51: 342 | E51: 386 | F51: 277 | G51: 309 | H51: 368 | I51: =SUM(B51:H51) -> 2300 | J51: 871 | K51: 370 | L51: 378 | M51: 371 | N51: 376 | O51: 377 | P51: 386 | Q51: =SUM(J51:P51) -> 3129
A52: Central BL | B52: =SUM(B49:B51) -> 1163 | C52: =SUM(C49:C51) -> 1263 | D52: =SUM(D49:D51) -> 1383 | E52: =SUM(E49:E51) -> 1539 | F52: =SUM(F49:F51) -> 940 | G52: =G51+G50+G49 -> 1155 | H52: =SUM(H49:H51) -> 1232 | I52: =SUM(I49:I51) -> 8675 | J52: =SUM(J49:J51) -> 1854 | K52: =SUM(K49:K51) -> 1338 | L52: =SUM(L49:L51) -> 1363 | M52: =SUM(M49:M51) -> 1367 | N52: =SUM(N49:N51) -> 1344 | O52: =SUM(O49:O51) -> 1216 | ... Q52: =SUM(Q49:Q51) -> 9804
A53: TOTALS | B53: =B44+B52+B48 -> 5187 | C53: =C44+C52+C48 -> 5333 | D53: =D44+D52+D48 -> 5376 | E53: =E44+E52+E48 -> 4894 | F53: =F44+F52+F48 -> 6695 | G53: =G52+G48+G44 -> 4673 | H53: =H44+H52+H48 -> 3971 | I53: =I44+I52+I48 -> 36160 | J53: =J44+J52+J48 -> 5977 | K53: =K44+K52+K48 -> 5704 | L53: =L44+L52+L48 -> 6285 | M53: =M44+M52+M48 -> 6307 | N53: =N44+N52+N48 -> 5479 | O53: =O44+O52+O48 -> 5135 | ... Q53: =Q44+Q52+Q48 -> 40972
A56: Daily production sheet
A57: Site/Date | B57: 9th feb | C57: 10th feb | D57: 11th feb | E57: 12th feb | F57: 13th feb | G57: 14th feb | H57: 15th feb | I57: week 7 Total | J57: 16th Feb | K57: 17th Feb | L57: 18th Feb | M57: 19th Feb | N57: 20th Feb | O57: 21st Feb | P57: 22nd Feb | Q57: week 8 Total
A58: DCK | B58: 307 | C58: 338 | D58: 355 | E58: 286 | F58: 309 | G58: 332 | H58: 294 | I58: =SUM(B58:H58) -> 2221 | J58: 257 | K58: 292 | L58: 438 | M58: 259 | N58: 323 | O58: 302 | P58: 286 | Q58: =SUM(J58:P58) -> 2157
A59: WWS | B59: 1009 | C59: 1003 | D59: 1082 | E59: 1088 | F59: 1115 | G59: 790 | H59: 967 | I59: =SUM(B59:H59) -> 7054 | J59: 966 | K59: 1029 | L59: 972 | M59: 671 | N59: 1012 | O59: 1032 | P59: 831 | Q59: =SUM(J59:P59) -> 6513
A60: Mai Mahiu | B60: 164 | C60: 82 | D60: 78 | E60: 155 | F60: 105 | G60: 80 | H60: 119 | I60: =SUM(B60:H60) -> 783 | J60: 156 | K60: 91 | L60: 79 | M60: 99 | N60: 117 | O60: 100 | P60: 0 | Q60: =SUM(J60:P60) -> 642
A61: Ngondi | B61: 0 | H61: 0 | I61: =SUM(B61:H61) -> 0 | M61: 0 | N61: 0 | O61: 0 | P61: 0 | Q61: =SUM(J61:P61) -> 0
A62: NIP | H62: 7756 | I62: =SUM(B62:H62) -> 7756 | M62: 3398 | N62: 0 | O62: 0 | P62: 0 | Q62: =SUM(J62:P62) -> 3398
A63: Southern | B63: =SUM(B58:B62) -> 1480 | C63: =SUM(C58:C62) -> 1423 | D63: =SUM(D58:D62) -> 1515 | E63: =SUM(E58:E62) -> 1529 | F63: =SUM(F58:F62) -> 1529 | G63: =G60+G59+G58 -> 1202 | H63: =SUM(H58:H62) -> 9136 | I63: =SUM(I58:I62) -> 17814 | J63: =SUM(J58:J60) -> 1379 | K63: =SUM(K58:K60) -> 1412 | L63: =SUM(L58:L62) -> 1489 | M63: =SUM(M58:M59) -> 930 | N63: =SUM(N58:N62) -> 1452 | O63: =SUM(O58:O60) -> 1434 | P63: =SUM(P58:P60) -> 1117 | Q63: =SUM(Q58:Q60) -> 9312
A64: KARATI | B64: 3118 | C64: 2968 | D64: 2960 | E64: 3193 | F64: 3089 | G64: 3325 | H64: 3087 | I64: =SUM(B64:H64) -> 21740 | J64: 3271 | K64: 3411 | L64: 3239 | M64: 1917 | N64: 2902 | O64: 3343 | P64: 2424 | Q64: =SUM(J64:P64) -> 20507
A65: Kinungi BH | I65: =SUM(B65:H65) -> 0 | M65: 0 | N65: 0 | O65: 0 | P65: 0 | Q65: =SUM(J65:P65) -> 0
A66: Karati PP | H66: 73 | I66: =SUM(B66:H66) -> 73 | M66: 0 | N66: 0 | O66: 0 | P66: 136 | Q66: =SUM(J66:P66) -> 136
A67: Eastern | B67: =SUM(B64:B66) -> 3118 | C67: =SUM(C64:C66) -> 2968 | D67: =SUM(D64:D66) -> 2960 | E67: =SUM(E64:E66) -> 3193 | F67: =SUM(F64:F66) -> 3089 | G67: =G64 -> 3325 | H67: =SUM(H64:H66) -> 3160 | I67: =SUM(I64:I66) -> 21813 | J67: =SUM(J64:J66) -> 3271 | K67: =SUM(K64:K66) -> 3411 | L67: =SUM(L64:L66) -> 3239 | M67: =SUM(M64:M66) -> 1917 | N67: 0 | O67: =SUM(O64:O66) -> 3343 | P67: =SUM(P64:P66) -> 2560 | Q67: =SUM(Q64:Q66) -> 20643
A68: AIC | B68: 142 | C68: 118 | D68: 130 | E68: 75 | F68: 154 | G68: 470 | H68: 491 | I68: =SUM(B68:H68) -> 1580 | J68: 159 | K68: 102 | L68: 202 | M68: 93 | N68: 97 | O68: 114 | P68: 99 | Q68: =SUM(J68:P68) -> 866
A69: DTI | B69: 1146 | C69: 961 | D69: 852 | E69: 828 | F69: 800 | G69: 636 | H69: 910 | I69: =SUM(B69:H69) -> 6133 | J69: 871 | K69: 737 | L69: 823 | M69: 857 | N69: 97 | O69: 807 | P69: 868 | Q69: =SUM(J69:P69) -> 5060
A70: Police Line | B70: 285 | C70: 382 | D70: 396 | E70: 368 | F70: 360 | G70: 339 | H70: 349 | I70: =SUM(B70:H70) -> 2479 | J70: 184 | K70: 388 | L70: 373 | M70: 339 | N70: 371 | O70: 369 | P70: 186 | Q70: =SUM(J70:P70) -> 2210
A71: Central BL | B71: =SUM(B68:B70) -> 1573 | C71: =SUM(C68:C70) -> 1461 | D71: =SUM(D68:D70) -> 1378 | E71: =SUM(E68:E70) -> 1271 | F71: =SUM(F68:F70) -> 1314 | G71: =G70+G69+G68 -> 1445 | H71: =SUM(H68:H70) -> 1750 | I71: =SUM(I68:I70) -> 10192 | J71: =SUM(J68:J70) -> 1214 | K71: =SUM(K68:K70) -> 1227 | L71: =SUM(L68:L70) -> 1398 | M71: =SUM(M68:M70) -> 1289 | N71: =SUM(N68:N70) -> 565 | O71: =SUM(O68:O70) -> 1290 | ... Q71: =SUM(Q68:Q70) -> 8136
A72: TOTALS | B72: =B63+B71+B67 -> 6171 | C72: =C63+C71+C67 -> 5852 | D72: =D63+D71+D67 -> 5853 | E72: =E63+E71+E67 -> 5993 | F72: =F63+F71+F67 -> 5932 | G72: =G71+G67+G63 -> 5972 | H72: =H63+H71+H67 -> 14046 | I72: =I63+I71+I67 -> 49819 | J72: =J63+J71+J67 -> 5864 | K72: =K63+K71+K67 -> 6050 | L72: =L63+L71+L67 -> 6126 | M72: =M63+M71+M67 -> 4136 | N72: =N63+N71+N67 -> 2017 | O72: =O63+O71+O67 -> 6067 | ... Q72: =Q63+Q71+Q67 -> 38091
A74: Daily production sheet
A75: Site/Date | B75: 23rd feb | C75: 24th feb | D75: 25th feb | E75: 26th feb | F75: 27th feb | G75: 28th feb | H75: 29th feb | I75: week 9 Total | J75: 1st March | K75: 2nd March | L75: 3rd March | M75: 4th March | N75: 5th March | O75: 6th March | P75: 7th March | Q75: week 10 Total
A76: DCK | B76: 328 | C76: 273 | D76: 437 | E76: 268 | F76: 266 | G76: 283 | H76: 300 | I76: =SUM(B76:H76) -> 2155 | J76: 268 | K76: 332 | L76: 258 | M76: 314 | N76: 319 | O76: 374 | P76: 260 | Q76: =SUM(J76:P76) -> 2125
A77: WWS | B77: 1050 | C77: 1167 | D77: 1095 | E77: 1184 | F77: 1156 | G77: 1031 | H77: 858 | I77: =SUM(B77:H77) -> 7541 | J77: 1114 | K77: 992 | L77: 974 | M77: 1135 | N77: 829 | O77: 1059 | P77: 855 | Q77: =SUM(J77:P77) -> 6958
A78: Mai Mahiu | B78: 149 | C78: 132 | D78: 135 | E78: 100 | F78: 82 | G78: 107 | H78: 72 | I78: =SUM(B78:H78) -> 777 | J78: 91 | K78: 99 | L78: 81 | M78: 92 | N78: 62 | O78: 205 | P78: 128 | Q78: =SUM(J78:P78) -> 758
A79: Ngondi | B79: 0 | C79: 0 | D79: 0 | E79: 0 | F79: 0 | G79: 0 | H79: 0 | I79: =SUM(B79:H79) -> 0 | J79: 0 | K79: 0 | L79: 0 | M79: 0 | N79: 0 | O79: 0 | P79: 0 | Q79: =SUM(J79:P79) -> 0
A80: NIP | B80: 0 | C80: 0 | D80: 0 | E80: 0 | F80: 1544 | G80: 0 | H80: 0 | I80: =SUM(B80:H80) -> 1544 | J80: 0 | K80: 0 | L80: 0 | M80: 0 | N80: 0 | O80: 2310 | P80: 0 | Q80: =SUM(J80:P80) -> 2310
A81: Southern | B81: =SUM(B76:B80) -> 1527 | C81: =SUM(C76:C80) -> 1572 | D81: =SUM(D76:D80) -> 1667 | E81: =SUM(E76:E80) -> 1552 | F81: =SUM(F76:F80) -> 3048 | G81: =G78+G77+G76 -> 1421 | H81: =SUM(H76:H80) -> 1230 | I81: =SUM(I76:I80) -> 12017 | J81: =SUM(J76:J78) -> 1473 | K81: =SUM(K76:K78) -> 1423 | L81: =SUM(L76:L80) -> 1313 | M81: =SUM(M76:M77) -> 1449 | N81: =SUM(N76:N80) -> 1210 | O81: =SUM(O76:O78) -> 1638 | P81: =SUM(P76:P78) -> 1243 | Q81: =SUM(Q76:Q78) -> 9841
A82: KARATI | B82: 2927 | C82: 2927 | D82: 3205 | E82: 3257 | F82: 3005 | G82: 2915 | H82: 2480 | I82: =SUM(B82:H82) -> 20716 | J82: 2922 | K82: 2961 | L82: 3021 | M82: 3236 | N82: 3145 | O82: 2690 | P82: 3241 | Q82: =SUM(J82:P82) -> 21216
A83: Kinungi BH | B83: 0 | C83: 0 | D83: 0 | E83: 0 | F83: 0 | G83: 0 | H83: 0 | I83: =SUM(B83:H83) -> 0 | J83: 0 | K83: 0 | L83: 0 | M83: 0 | N83: 0 | O83: 0 | P83: 0 | Q83: =SUM(J83:P83) -> 0
A84: Karati PP | B84: 0 | C84: 0 | D84: 0 | E84: 0 | F84: 0 | G84: 0 | H84: 57 | I84: =SUM(B84:H84) -> 57 | J84: 0 | K84: 0 | L84: 0 | M84: 0 | N84: 0 | O84: 0 | P84: 49 | Q84: =SUM(J84:P84) -> 49
A85: Eastern | B85: =SUM(B82:B84) -> 2927 | C85: =SUM(C82:C84) -> 2927 | D85: =SUM(D82:D84) -> 3205 | E85: =SUM(E82:E84) -> 3257 | F85: =SUM(F82:F84) -> 3005 | G85: =G82 -> 2915 | H85: =SUM(H82:H84) -> 2537 | I85: =SUM(I82:I84) -> 20773 | J85: =SUM(J82:J84) -> 2922 | K85: =SUM(K82:K84) -> 2961 | L85: =SUM(L82:L84) -> 3021 | M85: =SUM(M82:M84) -> 3236 | N85: 0 | O85: =SUM(O82:O84) -> 2690 | P85: =SUM(P82:P84) -> 3290 | Q85: =SUM(Q82:Q84) -> 21265
A86: AIC | B86: 107 | C86: 440 | D86: 603 | E86: 473 | F86: 486 | G86: 111 | H86: 493 | I86: =SUM(B86:H86) -> 2713 | J86: 485 | K86: 463 | L86: 144 | M86: 68 | N86: 71 | O86: 109 | P86: 118 | Q86: =SUM(J86:P86) -> 1458
A87: DTI | B87: 686 | C87: 533 | D87: 603 | E87: 569 | F87: 0 | G87: 473 | H87: 547 | I87: =SUM(B87:H87) -> 3411 | J87: 552 | K87: 748 | L87: 1460 | M87: 817 | N87: 945 | O87: 695 | P87: 970 | Q87: =SUM(J87:P87) -> 6187
A88: Police Line | B88: 215 | C88: 237 | D88: 354 | E88: 412 | F88: 402 | G88: 346 | H88: 451 | I88: =SUM(B88:H88) -> 2417 | J88: 393 | K88: 185 | L88: 321 | M88: 420 | N88: 146 | O88: 358 | P88: 361 | Q88: =SUM(J88:P88) -> 2184
A89: Central BL | B89: =SUM(B86:B88) -> 1008 | C89: =SUM(C86:C88) -> 1210 | D89: =SUM(D86:D88) -> 1560 | E89: =SUM(E86:E88) -> 1454 | F89: =SUM(F86:F88) -> 888 | G89: =G88+G87+G86 -> 930 | H89: =SUM(H86:H88) -> 1491 | I89: =SUM(I86:I88) -> 8541 | J89: =SUM(J86:J88) -> 1430 | K89: =SUM(K86:K88) -> 1396 | L89: =SUM(L86:L88) -> 1925 | M89: =SUM(M86:M88) -> 1305 | N89: =SUM(N86:N88) -> 1162 | O89: =SUM(O86:O88) -> 1162 | ... Q89: =SUM(Q86:Q88) -> 9829
A90: TOTALS | B90: =B81+B89+B85 -> 5462 | C90: =C81+C89+C85 -> 5709 | D90: =D81+D89+D85 -> 6432 | E90: =E81+E89+E85 -> 6263 | F90: =F81+F89+F85 -> 6941 | G90: =G89+G85+G81 -> 5266 | H90: =H81+H89+H85 -> 5258 | I90: =I81+I89+I85 -> 41331 | J90: =J81+J89+J85 -> 5825 | K90: =K81+K89+K85 -> 5780 | L90: =L81+L89+L85 -> 6259 | M90: =M81+M89+M85 -> 5990 | N90: =N81+N89+N85 -> 2372 | O90: =O81+O89+O85 -> 5490 | ... Q90: =Q81+Q89+Q85 -> 40935
A92: Daily production sheet
A93: Site/Date | B93: 8th March | C93: 9th March | D93: 10th March | E93: 11th March | F93: 12th March | G93: 13th March | H93: 14th March | I93: week 11 Total | J93: 15th March | K93: 16th March | L93: 17th March | M93: 18th March | N93: 19th March | O93: 20th March | P93: 21st March | Q93: week 12 Total
A94: DCK | B94: 302 | C94: 248 | D94: 285 | E94: 290 | F94: 364 | G94: 294 | H94: 372 | I94: =SUM(B94:H94) -> 2155 | J94: 330 | K94: 414 | L94: 290 | M94: 393 | N94: 419 | O94: 476 | P94: 308 | Q94: =SUM(J94:P94) -> 2630
A95: WWS | B95: 1052 | C95: 1040 | D95: 1044 | E95: 506 | F95: 952 | G95: 918 | H95: 979 | I95: =SUM(B95:H95) -> 6491 | J95: 1061 | K95: 953 | L95: 988 | M95: 1121 | N95: 911 | O95: 1200 | P95: 1001 | Q95: =SUM(J95:P95) -> 7235
A96: Mai Mahiu | B96: 81 | C96: 83 | D96: 102 | E96: 90 | F96: 49 | G96: 110 | H96: 0 | I96: =SUM(B96:H96) -> 515 | J96: 112 | K96: 84 | L96: 127 | M96: 81 | N96: 0 | O96: 0 | P96: 72 | Q96: =SUM(J96:P96) -> 476
A97: Ngondi | B97: 0 | D97: 0 | E97: 0 | F97: 0 | G97: 0 | H97: 0 | I97: =SUM(B97:H97) -> 0 | J97: 0 | K97: 0 | L97: 0 | M97: 0 | N97: 0 | O97: 0 | P97: 0 | Q97: =SUM(J97:P97) -> 0
A98: NIP | B98: 2640 | C98: 0 | D98: 0 | E98: 0 | F98: 0 | G98: 0 | H98: 0 | I98: =SUM(B98:H98) -> 2640 | J98: 1770 | K98: 1231 | L98: 0 | M98: 0 | N98: 0 | O98: 0 | P98: 0 | Q98: =SUM(J98:P98) -> 3001
A99: Southern | B99: =SUM(B94:B98) -> 4075 | C99: =SUM(C94:C98) -> 1371 | D99: =SUM(D94:D98) -> 1431 | E99: =SUM(E94:E98) -> 886 | F99: =SUM(F94:F98) -> 1365 | G99: =G96+G95+G94 -> 1322 | H99: =SUM(H94:H98) -> 1351 | I99: =SUM(I94:I98) -> 11801 | J99: =SUM(J94:J96) -> 1503 | K99: =SUM(K94:K96) -> 1451 | L99: =SUM(L94:L98) -> 1405 | M99: =SUM(M94:M95) -> 1514 | N99: =SUM(N94:N98) -> 1330 | O99: =SUM(O94:O96) -> 1676 | P99: =SUM(P94:P96) -> 1381 | Q99: =SUM(Q94:Q96) -> 10341
A100: KARATI | B100: 2966 | C100: 2932 | D100: 2791 | E100: 3289 | F100: 3057 | G100: 2963 | H100: 3017 | I100: =SUM(B100:H100) -> 21015 | J100: 3022 | K100: 3083 | L100: 2619 | M100: 3253 | N100: 2470 | O100: 2840 | P100: 3092 | Q100: =SUM(J100:P100) -> 20379
A101: Kinungi BH | B101: 0 | C101: 0 | D101: 0 | E101: 0 | F101: 0 | G101: 0 | H101: 0 | I101: =SUM(B101:H101) -> 0 | J101: 0 | K101: 0 | L101: 0 | M101: 0 | N101: 0 | O101: 0 | P101: 0 | Q101: =SUM(J101:P101) -> 0
A102: Karati PP | B102: 0 | C102: 0 | D102: 0 | E102: 0 | F102: 0 | G102: 0 | H102: 56 | I102: =SUM(B102:H102) -> 56 | J102: 0 | K102: 0 | L102: 0 | M102: 0 | N102: 0 | O102: 0 | P102: 85 | Q102: =SUM(J102:P102) -> 85
A103: Eastern | B103: =SUM(B100:B102) -> 2966 | C103: =SUM(C100:C102) -> 2932 | D103: =SUM(D100:D102) -> 2791 | E103: =SUM(E100:E102) -> 3289 | F103: =SUM(F100:F102) -> 3057 | G103: =G100 -> 2963 | H103: =SUM(H100:H102) -> 3073 | I103: =SUM(I100:I102) -> 21071 | J103: =SUM(J100:J102) -> 3022 | K103: =SUM(K100:K102) -> 3083 | L103: =SUM(L100:L102) -> 2619 | M103: =SUM(M100:M102) -> 3253 | N103: 2470 | O103: =SUM(O100:O102) -> 2840 | P103: =SUM(P100:P102) -> 3177 | Q103: =SUM(Q100:Q102) -> 20464
A104: AIC | B104: 72 | C104: 88 | D104: 91 | E104: 95 | F104: 96 | G104: 106 | H104: 96 | I104: =SUM(B104:H104) -> 644 | J104: 123 | K104: 102 | L104: 87 | M104: 90 | N104: 178 | O104: 83 | P104: 459 | Q104: =SUM(J104:P104) -> 1122
A105: DTI | B105: 973 | C105: 804 | D105: 805 | E105: 872 | F105: 805 | G105: 880 | H105: 847 | I105: =SUM(B105:H105) -> 5986 | J105: 880 | K105: 862 | L105: 794 | M105: 877 | N105: 719 | O105: 821 | P105: 874 | Q105: =SUM(J105:P105) -> 5827
A106: Police Line | B106: 316 | C106: 420 | D106: 226 | E106: 357 | F106: 267 | G106: 335 | H106: 429 | I106: =SUM(B106:H106) -> 2350 | J106: 320 | K106: 375 | L106: 359 | M106: 375 | N106: 344 | O106: 332 | P106: 363 | Q106: =SUM(J106:P106) -> 2468
...

Sheet Supply
B1: Date | C1: 28th December 2023 | G1: Date | H1: 29th December 2023 | L1: Date | M1: 30th December 2023 | Q1: Date | R1: 31st December 2023 | V1: Date | W1: 1st January 2024
C2: OPENING | D2: CLOSING | E2: SUPPLY | H2: OPENING | I2: CLOSING | J2: SUPPLY | M2: OPENING | N2: CLOSING | O2: SUPPLY | R2: OPENING | S2: CLOSING | T2: SUPPLY | W2: OPENING | X2: CLOSING | Y2: SUPPLY
B3: DTI high lift Meter | C3: 452224 | D3: 452408 | E3: 1840 | G3: DTI high lift Meter | H3: =D3 -> 452408 | I3: 452472 | J3: =(I3-H3)*10 -> 640 | L3: DTI high lift Meter | M3: =I3 -> 452472 | N3: 452642 | O3: =(N3-M3)*10 -> 1700 | Q3: DTI high lift Meter | R3: =N3 -> 452642 | S3: 452768 | T3: =(S3-R3)*10 -> 1260 | V3: DTI high lift Meter | W3: =S3 -> 452768 | X3: 452955 | Y3: =(X3-W3)*10 -> 1870
B4: AIC | C4: 225944 | D4: 227611 | E4: =D4-C4 -> 1667 | G4: AIC | H4: =D4 -> 227611 | I4: 227854 | J4: =I4-H4 -> 243 | L4: AIC | M4: =I4 -> 227854 | N4: 228547 | O4: =N4-M4 -> 693 | Q4: AIC | R4: =N4 -> 228547 | S4: 229533 | T4: =S4-R4 -> 986 | V4: AIC | W4: =S4 -> 229533 | X4: 230485 | Y4: =X4-W4 -> 952
B5: Police Line | C5: 210667 | D5: 210667 | E5: =D5-C5 -> 0 | G5: Police Line | H5: =D5 -> 210667 | I5: 210667 | J5: =I5-H5 -> 0 | L5: Police Line | M5: =I5 -> 210667 | N5: 210667 | O5: =N5-M5 -> 0 | Q5: Police Line | R5: =N5 -> 210667 | S5: 210667 | T5: =S5-R5 -> 0 | V5: Police Line | W5: =S5 -> 210667 | X5: 210667 | Y5: =X5-W5 -> 0
B6: WWS | C6: 298092 | D6: 298302 | E6: =(D6-C6)*10 -> 2100 | G6: WWS | H6: =D6 -> 298302 | I6: 298550 | J6: =(I6-H6)*10 -> 2480 | L6: WWS | M6: =I6 -> 298550 | N6: 298788 | O6: =(N6-M6)*10 -> 2380 | Q6: WWS | R6: =N6 -> 298788 | S6: 299031 | T6: =(S6-R6)*10 -> 2430 | V6: WWS | W6: =S6 -> 299031 | X6: 299269 | Y6: =(X6-W6)*10 -> 2380
B7: KCC | C7: 29015 | D7: 29021 | E7: =D7-C7 -> 6 | G7: KCC | H7: =D7 -> 29021 | I7: 29024 | J7: =I7-H7 -> 3 | L7: KCC | M7: =I7 -> 29024 | N7: 29028 | O7: =N7-M7 -> 4 | Q7: KCC | R7: =N7 -> 29028 | S7: 29039 | T7: =S7-R7 -> 11 | V7: KCC | W7: =S7 -> 29039 | X7: 29043 | Y7: 5
B8: BULK | C8: 52403 | D8: 52413 | E8: =D8-C8 -> 10 | G8: BULK | H8: =D8 -> 52413 | I8: 52441 | J8: =I8-H8 -> 28 | L8: BULK | M8: =I8 -> 52441 | N8: 52481 | O8: =N8-M8 -> 40 | Q8: BULK | R8: =N8 -> 52481 | S8: 52491 | T8: =S8-R8 -> 10 | V8: BULK | W8: =S8 -> 52491 | X8: 52491 | Y8: =X8-W8 -> 0
B9: Keroche | C9: 139728 | D9: 139728 | E9: =D9-C9 -> 0 | G9: Keroche | H9: =D9 -> 139728 | I9: 139728 | J9: =I9-H9 -> 0 | L9: Keroche | M9: =I9 -> 139728 | N9: 139728 | O9: =N9-M9 -> 0 | Q9: Keroche | R9: =N9 -> 139728 | S9: 139728 | T9: =S9-R9 -> 0 | V9: Keroche | W9: =S9 -> 139728 | X9: 139728 | Y9: =X9-W9 -> 0
B10: Staff | C10: 8494 | D10: 8496 | E10: =D10-C10 -> 2 | G10: Staff | H10: =D10 -> 8496 | I10: 8500 | J10: =I10-H10 -> 4 | L10: Staff | M10: =I10 -> 8500 | N10: 8502 | O10: =N10-M10 -> 2 | Q10: Staff | R10: =N10 -> 8502 | S10: 8504 | T10: =S10-R10 -> 2 | V10: Staff | W10: =S10 -> 8504 | X10: 8507 | Y10: =X10-W10 -> 3
B11: Hopewell | C11: 306576 | D11: 306763 | E11: =D11-C11 -> 187 | G11: Hopewell | H11: =D11 -> 306763 | I11: 307047 | J11: =I11-H11 -> 284 | L11: Hopewell | M11: =I11 -> 307047 | N11: 307183 | O11: =N11-M11 -> 136 | Q11: Hopewell | R11: =N11 -> 307183 | S11: 307277 | T11: =S11-R11 -> 94 | V11: Hopewell | W11: =S11 -> 307277 | X11: 307545 | Y11: =X11-W11 -> 268
B12: Karati Supply | E12: =E11+E10+E9+E8+E7+E6 -> 2305 | G12: Karati Supply | J12: =J11+J10+J9+J8+J7+J6 -> 2799 | L12: Karati Supply | O12: =SUM(O6:O11) -> 2562 | Q12: Karati Supply | T12: =SUM(T6:T11) -> 2547 | V12: Karati Supply | Y12: =SUM(Y6:Y11) -> 2656
B13: WWS 6'' Mirera | C13: 1342016 | D13: 1342812 | E13: =D13-C13 -> 796 | G13: WWS 6'' Mirera | H13: =D13 -> 1342812 | I13: 1343731 | J13: =I13-H13 -> 919 | L13: WWS 6'' Mirera | M13: =I13 -> 1343731 | N13: 1344455 | O13: =N13-M13 -> 724 | Q13: WWS 6'' Mirera | R13: =N13 -> 1344455 | S13: 1345370 | T13: =S13-R13 -> 915 | V13: WWS 6'' Mirera | W13: =S13 -> 1345370 | X13: 1346502 | Y13: =X13-W13 -> 1132
B14: WWS 4'' Sub | C14: 817216 | D14: 817456 | E14: =D14-C14 -> 240 | G14: WWS 4'' Sub | H14: =D14 -> 817456 | I14: 817688 | J14: =I14-H14 -> 232 | L14: WWS 4'' Sub | M14: =I14 -> 817688 | N14: 817908 | O14: =N14-M14 -> 220 | Q14: WWS 4'' Sub | R14: =N14 -> 817908 | S14: 818140 | T14: =S14-R14 -> 232 | V14: WWS 4'' Sub | W14: =S14 -> 818140 | X14: 818367 | Y14: =X14-W14 -> 227
B15: KWS | E15: =D15-C15 -> 0 | G15: KWS | H15: =D15 -> 0 | J15: =I15-H15 -> 0 | L15: KWS | O15: =N15-M15 -> 0 | Q15: KWS | R15: =N15 -> 0 | T15: =S15-R15 -> 0 | V15: KWS | Y15: =X15-W15 -> 0
B16: Office | C16: 2366 | D16: 2368 | E16: =D16-C16 -> 2 | G16: Office | H16: =D16 -> 2368 | I16: 2369 | J16: =I16-H16 -> 1 | L16: Office | M16: =I16 -> 2369 | N16: 2371 | O16: =N16-M16 -> 2 | Q16: Office | R16: =N16 -> 2371 | S16: 2371 | T16: =S16-R16 -> 0 | V16: Office | W16: =S16 -> 2371 | X16: 2371 | Y16: =X16-W16 -> 0
B17: GEUST INN | C17: 544088 | D17: 544424 | E17: =D17-C17 -> 336 | G17: GEUST INN | H17: =D17 -> 544424 | I17: 544789 | J17: =I17-H17 -> 365 | L17: GEUST INN | M17: =I17 -> 544789 | N17: 545144 | O17: =N17-M17 -> 355 | Q17: GEUST INN | R17: =N17 -> 545144 | S17: 545487 | T17: =S17-R17 -> 343 | V17: GEUST INN | W17: =S17 -> 545487 | X17: 545825 | Y17: =X17-W17 -> 338
B18: New line | C18: 281128 | D18: 281426 | E18: =D18-C18 -> 298 | G18: New line | H18: =D18 -> 281426 | I18: 281766 | J18: =I18-H18 -> 340 | L18: New line | M18: =I18 -> 281766 | N18: 282044 | O18: =N18-M18 -> 278 | Q18: New line | R18: =N18 -> 282044 | S18: 282305 | T18: =S18-R18 -> 261 | V18: New line | W18: =S18 -> 282305 | X18: 282556 | Y18: =X18-W18 -> 251
B19: WWS-kayole | C19: 692369 | D19: 693453 | E19: =D19-C19 -> 1084 | G19: WWS-kayole | H19: =D19 -> 693453 | I19: 694726 | J19: =I19-H19 -> 1273 | L19: WWS-kayole | M19: =I19 -> 694726 | N19: 695904 | O19: =N19-M19 -> 1178 | Q19: WWS-kayole | R19: =N19 -> 695904 | S19: 697161 | T19: =S19-R19 -> 1257 | V19: WWS-kayole | W19: =S19 -> 697161 | X19: 698243 | Y19: =X19-W19 -> 1082
B20: WWS SUPPLY | E20: =SUM(E13:E19) -> 2756 | G20: WWS SUPPLY | J20: =SUM(J13:J19) -> 3130 | L20: WWS SUPPLY | O20: =SUM(O13:O19) -> 2757 | Q20: WWS SUPPLY | T20: =SUM(T13:T19) -> 3008 | V20: WWS SUPPLY | Y20: =SUM(Y13:Y19) -> 3030
B21: DCK | C21: 530588 | D21: 530847 | E21: =D21-C21 -> 259 | G21: DCK | H21: =D21 -> 530847 | I21: 531121 | J21: =I21-H21 -> 274 | L21: DCK | M21: =I21 -> 531121 | N21: 531412 | O21: =N21-M21 -> 291 | Q21: DCK | R21: =N21 -> 531412 | S21: 531656 | T21: =S21-R21 -> 244 | V21: DCK | W21: =S21 -> 531656 | X21: 531956 | Y21: =X21-W21 -> 300
B22: TOTAL SUPPLY | E22: =E21+E20+E12+E5+E4+E3 -> 8827 | G22: TOTAL SUPPLY | J22: =J21+J20+J12+J5+J4+J3 -> 7086 | L22: TOTAL SUPPLY | O22: =O21+O20+O12+O5+O4+O3 -> 8003 | Q22: TOTAL SUPPLY | R22: =N22 -> 0 | T22: =T21+T20+T12+T5+T4+T3 -> 8045 | V22: TOTAL SUPPLY | W22: =S22 -> 0 | Y22: =Y21+Y20+Y12+Y5+Y4+Y3 -> 8808
B24: Date | C24: 2nd January 2024 | G24: Date | H24: 3rd January 2024 | L24: Date | M24: 4th January 2024 | Q24: Date | R24: 5th January 2024 | V24: Date | W24: 6th January 2024
C25: OPENING | D25: CLOSING | E25: SUPPLY | H25: OPENING | I25: CLOSING | J25: SUPPLY | M25: OPENING | N25: CLOSING | O25: SUPPLY | R25: OPENING | S25: CLOSING | T25: SUPPLY | W25: OPENING | X25: CLOSING | Y25: SUPPLY
B26: DTI high lift Meter | C26: 452955 | D26: 453154 | E26: =(D26-C26)*10 -> 1990 | G26: DTI high lift Meter | H26: =D26 -> 453154 | I26: 453298 | J26: =(I26-H26)*10 -> 1440 | L26: DTI high lift Meter | M26: =I26 -> 453298 | N26: 453461 | O26: =(N26-M26)*10 -> 1630 | Q26: DTI high lift Meter | R26: =N26 -> 453461 | S26: 453625 | T26: =(S26-R26)*10 -> 1640 | V26: DTI high lift Meter | W26: =S26 -> 453625 | X26: 453773 | Y26: =(X26-W26)*10 -> 1480
B27: AIC | C27: 230485 | D27: 231373 | E27: =D27-C27 -> 888 | G27: AIC | H27: =D27 -> 231373 | I27: 231680 | J27: =I27-H27 -> 307 | L27: AIC | M27: =I27 -> 231680 | N27: 231823 | O27: =N27-M27 -> 143 | Q27: AIC | R27: =N27 -> 231823 | S27: 232003 | T27: =S27-R27 -> 180 | V27: AIC | W27: =S27 -> 232003 | X27: 232187 | Y27: =X27-W27 -> 184
B28: Police Line | C28: 210667 | D28: 210667 | E28: =D28-C28 -> 0 | G28: Police Line | H28: =D28 -> 210667 | I28: 210667 | J28: =I28-H28 -> 0 | L28: Police Line | M28: =I28 -> 210667 | N28: 210667 | O28: =N28-M28 -> 0 | Q28: Police Line | R28: =N28 -> 210667 | S28: 210667 | T28: =S28-R28 -> 0 | V28: Police Line | W28: =S28 -> 210667 | X28: 210667 | Y28: =X28-W28 -> 0
B29: WWS | C29: 299269 | D29: 299506 | E29: =(D29-C29)*10 -> 2370 | G29: WWS | H29: =D29 -> 299506 | I29: 299709 | J29: =(I29-H29)*10 -> 2030 | L29: WWS | M29: =I29 -> 299709 | N29: 299931 | O29: =(N29-M29)*10 -> 2220 | Q29: WWS | R29: =N29 -> 299931 | S29: 300126 | T29: =(S29-R29)*10 -> 1950 | V29: WWS | W29: =S29 -> 300126 | X29: 300342 | Y29: =(X29-W29)*10 -> 2160
B30: KCC | C30: 29043 | D30: 29048 | E30: =D30-C30 -> 5 | G30: KCC | H30: =D30 -> 29048 | I30: 29050 | J30: =I30-H30 -> 2 | L30: KCC | M30: =I30 -> 29050 | N30: 29055 | O30: =N30-M30 -> 5 | Q30: KCC | R30: =N30 -> 29055 | S30: 29058 | T30: =S30-R30 -> 3 | V30: KCC | W30: =S30 -> 29058 | X30: 29060 | Y30: 5
B31: BULK | C31: 52491 | D31: 52497 | E31: =D31-C31 -> 6 | G31: BULK | H31: =D31 -> 52497 | I31: 52526 | J31: =I31-H31 -> 29 | L31: BULK | M31: =I31 -> 52526 | N31: 52538 | O31: =N31-M31 -> 12 | Q31: BULK | R31: =N31 -> 52538 | S31: 52559 | T31: =S31-R31 -> 21 | V31: BULK | W31: =S31 -> 52559 | X31: 52570 | Y31: =X31-W31 -> 11
B32: Keroche | C32: 139728 | D32: 139728 | E32: =D32-C32 -> 0 | G32: Keroche | H32: =D32 -> 139728 | I32: 139728 | J32: =I32-H32 -> 0 | L32: Keroche | M32: =I32 -> 139728 | N32: 139728 | O32: =N32-M32 -> 0 | Q32: Keroche | R32: =N32 -> 139728 | S32: 139728 | T32: =S32-R32 -> 0 | V32: Keroche | W32: =S32 -> 139728 | X32: 139728 | Y32: =X32-W32 -> 0
B33: Staff | C33: 8507 | D33: 8511 | E33: =D33-C33 -> 4 | G33: Staff | H33: =D33 -> 8511 | I33: 8515 | J33: =I33-H33 -> 4 | L33: Staff | M33: =I33 -> 8515 | N33: 8519 | O33: =N33-M33 -> 4 | Q33: Staff | R33: =N33 -> 8519 | S33: 8522 | T33: =S33-R33 -> 3 | V33: Staff | W33: =S33 -> 8522 | X33: 8525 | Y33: =X33-W33 -> 3
B34: Hopewell | C34: 307545 | D34: 307796 | E34: =D34-C34 -> 251 | G34: Hopewell | H34: =D34 -> 307796 | I34: 307984 | J34: =I34-H34 -> 188 | L34: Hopewell | M34: =I34 -> 307984 | N34: 308139 | O34: =N34-M34 -> 155 | Q34: Hopewell | R34: =N34 -> 308139 | S34: 308282 | T34: =S34-R34 -> 143 | V34: Hopewell | W34: =S34 -> 308282 | X34: 308452 | Y34: =X34-W34 -> 170
B35: Karati Supply | E35: =E34+E33+E32+E31+E30+E29 -> 2636 | G35: Karati Supply | J35: =J34+J33+J32+J31+J30+J29 -> 2253 | L35: Karati Supply | O35: =SUM(O29:O34) -> 2396 | Q35: Karati Supply | T35: =SUM(T29:T34) -> 2120 | V35: Karati Supply | Y35: =SUM(Y29:Y34) -> 2349
B36: WWS 6'' Mirera | C36: 1346502 | D36: 1347438 | E36: =D36-C36 -> 936 | G36: WWS 6'' Mirera | H36: =D36 -> 1347438 | I36: 1348365 | J36: =I36-H36 -> 927 | L36: WWS 6'' Mirera | M36: =I36 -> 1348365 | N36: 1349369 | O36: =N36-M36 -> 1004 | Q36: WWS 6'' Mirera | R36: =N36 -> 1349369 | S36: 1350351 | T36: =S36-R36 -> 982 | V36: WWS 6'' Mirera | W36: =S36 -> 1350351 | X36: 1351140 | Y36: =X36-W36 -> 789
B37: WWS 4'' Sub | C37: 818367 | D37: 818584 | E37: =D37-C37 -> 217 | G37: WWS 4'' Sub | H37: =D37 -> 818584 | I37: 818809 | J37: =I37-H37 -> 225 | L37: WWS 4'' Sub | M37: =I37 -> 818809 | N37: 819031 | O37: =N37-M37 -> 222 | Q37: WWS 4'' Sub | R37: =N37 -> 819031 | S37: 819261 | T37: =S37-R37 -> 230 | V37: WWS 4'' Sub | W37: =S37 -> 819261 | X37: 819522 | Y37: =X37-W37 -> 261
B38: KWS | E38: =D38-C38 -> 0 | G38: KWS | H38: =D38 -> 0 | J38: =I38-H38 -> 0 | L38: KWS | O38: 0 | Q38: KWS | T38: =S38-R38 -> 0 | V38: KWS | W38: =S38 -> 0 | Y38: =X38-W38 -> 0
B39: Office | C39: 2371 | D39: 2371 | E39: =D39-C39 -> 0 | G39: Office | H39: =D39 -> 2371 | I39: 2377 | J39: =I39-H39 -> 6 | L39: Office | M39: =I39 -> 2377 | N39: 2378 | O39: =N39-M39 -> 1 | Q39: Office | R39: =N39 -> 2378 | S39: 2379 | T39: =S39-R39 -> 1 | V39: Office | W39: =S39 -> 2379 | X39: 2380 | Y39: =X39-W39 -> 1
B40: GEUST INN | C40: 545825 | D40: 546175 | E40: =D40-C40 -> 350 | G40: GEUST INN | H40: =D40 -> 546175 | I40: 546499 | J40: =I40-H40 -> 324 | L40: GEUST INN | M40: =I40 -> 546499 | N40: 546799 | O40: =N40-M40 -> 300 | Q40: GEUST INN | R40: =N40 -> 546799 | S40: 547089 | T40: =S40-R40 -> 290 | V40: GEUST INN | W40: =S40 -> 547089 | X40: 547391 | Y40: =X40-W40 -> 302
B41: New line | C41: 282556 | D41: 282786 | E41: =D41-C41 -> 230 | G41: New line | H41: =D41 -> 282786 | I41: 282994 | J41: =I41-H41 -> 208 | L41: New line | M41: =I41 -> 282994 | N41: 283188 | O41: =N41-M41 -> 194 | Q41: New line | R41: =N41 -> 283188 | S41: 283366 | T41: =S41-R41 -> 178 | V41: New line | W41: =S41 -> 283366 | X41: 283555 | Y41: =X41-W41 -> 189
B42: WWS-kayole | C42: 698243 | D42: 699319 | E42: =D42-C42 -> 1076 | G42: WWS-kayole | H42: =D42 -> 699319 | I42: 700316 | J42: =I42-H42 -> 997 | L42: WWS-kayole | M42: =I42 -> 700316 | N42: 701391 | O42: =N42-M42 -> 1075 | Q42: WWS-kayole | R42: =N42 -> 701391 | S42: 702385 | T42: =S42-R42 -> 994 | V42: WWS-kayole | W42: =S42 -> 702385 | X42: 703445 | Y42: =X42-W42 -> 1060
B43: WWS SUPPLY | E43: =SUM(E36:E42) -> 2809 | G43: WWS SUPPLY | J43: =SUM(J36:J42) -> 2687 | L43: WWS SUPPLY | O43: =SUM(O36:O42) -> 2796 | Q43: WWS SUPPLY | T43: =SUM(T36:T42) -> 2675 | V43: WWS SUPPLY | Y43: =SUM(Y36:Y42) -> 2602
B44: DCK | C44: 531956 | D44: 532179 | E44: =D44-C44 -> 223 | G44: DCK | H44: =D44 -> 532179 | I44: 532351 | J44: =I44-H44 -> 172 | L44: DCK | M44: =I44 -> 532351 | N44: 532512 | O44: =N44-M44 -> 161 | Q44: DCK | R44: =N44 -> 532512 | S44: 532713 | T44: =S44-R44 -> 201 | V44: DCK | W44: =S44 -> 532713 | X44: 532902 | Y44: =X44-W44 -> 189
B45: TOTAL SUPPLY | E45: =E44+E43+E35+E28+E27+E26 -> 8546 | G45: TOTAL SUPPLY | J45: =J44+J43+J35+J28+J27+J26 -> 6859 | L45: TOTAL SUPPLY | O45: =O44+O43+O35+O28+O27+O26 -> 7126 | Q45: TOTAL SUPPLY | R45: =N45 -> 0 | T45: =T44+T43+T35+T28+T27+T26 -> 6816 | V45: TOTAL SUPPLY | W45: =S45 -> 0 | Y45: =Y44+Y43+Y35+Y28+Y27+Y26 -> 6804
B47: Date | C47: 7th January 2024 | G47: Date | H47: 8th January 2024 | L47: Date | M47: 9th January 2024 | Q47: Date | R47: 10th January 2024 | V47: Date | W47: 11th January 2024
C48: OPENING | D48: CLOSING | E48: SUPPLY | H48: OPENING | I48: CLOSING | J48: SUPPLY | M48: OPENING | N48: CLOSING | O48: SUPPLY | R48: OPENING | S48: CLOSING | T48: SUPPLY | W48: OPENING | X48: CLOSING | Y48: SUPPLY
B49: DTI high lift Meter | C49: 453773 | D49: 453944 | E49: =(D49-C49)*10 -> 1710 | G49: DTI high lift Meter | H49: =D49 -> 453944 | I49: 454127 | J49: =(I49-H49)*10 -> 1830 | L49: DTI high lift Meter | M49: =I49 -> 454127 | N49: 454277 | O49: =(N49-M49)*10 -> 1500 | Q49: DTI high lift Meter | R49: =N49 -> 454277 | S49: 454444 | T49: =(S49-R49)*10 -> 1670 | V49: DTI high lift Meter | W49: =S49 -> 454444 | X49: 454631 | Y49: =(X49-W49)*10 -> 1870
B50: AIC | C50: 232187 | D50: 232366 | E50: =D50-C50 -> 179 | G50: AIC | H50: =D50 -> 232366 | I50: 233145 | J50: =I50-H50 -> 779 | L50: AIC | M50: =I50 -> 233145 | N50: 234009 | O50: =N50-M50 -> 864 | Q50: AIC | R50: =N50 -> 234009 | S50: 234310 | T50: =S50-R50 -> 301 | V50: AIC | W50: =S50 -> 234310 | X50: 234525 | Y50: =X50-W50 -> 215
B51: Police Line | C51: 210667 | D51: 210667 | E51: =D51-C51 -> 0 | G51: Police Line | H51: =D51 -> 210667 | I51: 210667 | J51: =I51-H51 -> 0 | L51: Police Line | M51: =I51 -> 210667 | N51: 210667 | O51: =N51-M51 -> 0 | Q51: Police Line | R51: =N51 -> 210667 | S51: 210667 | T51: =S51-R51 -> 0 | V51: Police Line | W51: =S51 -> 210667 | X51: 210667 | Y51: =X51-W51 -> 0
B52: WWS | C52: 300342 | D52: 300587 | E52: =(D52-C52)*10 -> 2450 | G52: WWS | H52: =D52 -> 300587 | I52: 300819 | J52: =(I52-H52)*10 -> 2320 | L52: WWS | M52: =I52 -> 300819 | N52: 301074 | O52: =(N52-M52)*10 -> 2550 | Q52: WWS | R52: =N52 -> 301074 | S52: 301277 | T52: =(S52-R52)*10 -> 2030 | V52: WWS | W52: =S52 -> 301277 | X52: 301480 | Y52: =(X52-W52)*10 -> 2030
B53: KCC | C53: 29060 | D53: 29064 | E53: =D53-C53 -> 4 | G53: KCC | H53: =D53 -> 29064 | I53: 29072 | J53: =I53-H53 -> 8 | L53: KCC | M53: =I53 -> 29072 | N53: 29078 | O53: =N53-M53 -> 6 | Q53: KCC | R53: =N53 -> 29078 | S53: 29082 | T53: =S53-R53 -> 4 | V53: KCC | W53: =S53 -> 29082 | X53: 29087 | Y53: 5
B54: BULK | C54: 52570 | D54: 52575 | E54: =D54-C54 -> 5 | G54: BULK | H54: =D54 -> 52575 | I54: 52588 | J54: =I54-H54 -> 13 | L54: BULK | M54: =I54 -> 52588 | N54: 52602 | O54: =N54-M54 -> 14 | Q54: BULK | R54: =N54 -> 52602 | S54: 52619 | T54: =S54-R54 -> 17 | V54: BULK | W54: =S54 -> 52619 | X54: 52653 | Y54: =X54-W54 -> 34
B55: Keroche | C55: 139728 | D55: 139728 | E55: =D55-C55 -> 0 | G55: Keroche | H55: =D55 -> 139728 | I55: 139728 | J55: =I55-H55 -> 0 | L55: Keroche | M55: =I55 -> 139728 | N55: 139728 | O55: =N55-M55 -> 0 | Q55: Keroche | R55: =N55 -> 139728 | S55: 139728 | T55: =S55-R55 -> 0 | V55: Keroche | W55: =S55 -> 139728 | X55: 139728 | Y55: =X55-W55 -> 0
B56: Staff | C56: 8525 | D56: 8527 | E56: =D56-C56 -> 2 | G56: Staff | H56: =D56 -> 8527 | I56: 8531 | J56: =I56-H56 -> 4 | L56: Staff | M56: =I56 -> 8531 | N56: 8531 | O56: =N56-M56 -> 0 | Q56: Staff | R56: =N56 -> 8531 | S56: 8532 | T56: =S56-R56 -> 1 | V56: Staff | W56: =S56 -> 8532 | X56: 8533 | Y56: =X56-W56 -> 1
B57: Hopewell | C57: 308452 | D57: 308596 | E57: =D57-C57 -> 144 | G57: Hopewell | H57: =D57 -> 308596 | I57: 308746 | J57: =I57-H57 -> 150 | L57: Hopewell | M57: =I57 -> 308746 | N57: 308891 | O57: =N57-M57 -> 145 | Q57: Hopewell | R57: =N57 -> 308891 | S57: 309035 | T57: =S57-R57 -> 144 | V57: Hopewell | W57: =S57 -> 309035 | X57: 309162 | Y57: =X57-W57 -> 127
B58: Karati Supply | E58: =E57+E56+E55+E54+E53+E52 -> 2605 | G58: Karati Supply | J58: =J57+J56+J55+J54+J53+J52 -> 2495 | L58: Karati Supply | O58: =SUM(O52:O57) -> 2715 | Q58: Karati Supply | T58: =SUM(T52:T57) -> 2196 | V58: Karati Supply | Y58: =SUM(Y52:Y57) -> 2197
B59: WWS 6'' Mirera | C59: 1351140 | D59: 1352270 | E59: =D59-C59 -> 1130 | G59: WWS 6'' Mirera | H59: =D59 -> 1352270 | I59: 1353388 | J59: =I59-H59 -> 1118 | L59: WWS 6'' Mirera | M59: =I59 -> 1353388 | N59: 1354333 | O59: =N59-M59 -> 945 | Q59: WWS 6'' Mirera | R59: =N59 -> 1354333 | S59: 1355268 | T59: =S59-R59 -> 935 | V59: WWS 6'' Mirera | W59: =S59 -> 1355268 | X59: 1356210 | Y59: =X59-W59 -> 942
B60: WWS 4'' Sub | C60: 819522 | D60: 819737 | E60: =D60-C60 -> 215 | G60: WWS 4'' Sub | H60: =D60 -> 819737 | I60: 819955 | J60: =I60-H60 -> 218 | L60: WWS 4'' Sub | M60: =I60 -> 819955 | N60: 820228 | O60: =N60-M60 -> 273 | Q60: WWS 4'' Sub | R60: =N60 -> 820228 | S60: 820470 | T60: =S60-R60 -> 242 | V60: WWS 4'' Sub | W60: =S60 -> 820470 | X60: 820697 | Y60: =X60-W60 -> 227
B61: KWS | E61: =D61-C61 -> 0 | G61: KWS | H61: =D61 -> 0 | J61: =I61-H61 -> 0 | L61: KWS | O61: 0 | Q61: KWS | T61: =S61-R61 -> 0 | V61: KWS | W61: =S61 -> 0 | Y61: =X61-W61 -> 0
B62: Office | C62: 2380 | D62: 2380 | E62: =D62-C62 -> 0 | G62: Office | H62: =D62 -> 2380 | I62: 2380 | J62: =I62-H62 -> 0 | L62: Office | M62: =I62 -> 2380 | N62: 2385 | O62: =N62-M62 -> 5 | Q62: Office | R62: =N62 -> 2385 | S62: 2387 | T62: =S62-R62 -> 2 | V62: Office | W62: =S62 -> 2387 | X62: 2391 | Y62: =X62-W62 -> 4
B63: GEUST INN | C63: 547391 | D63: 547712 | E63: =D63-C63 -> 321 | G63: GEUST INN | H63: =D63 -> 547712 | I63: 548016 | J63: =I63-H63 -> 304 | L63: GEUST INN | M63: =I63 -> 548016 | N63: 548351 | O63: =N63-M63 -> 335 | Q63: GEUST INN | R63: =N63 -> 548351 | S63: 548686 | T63: =S63-R63 -> 335 | V63: GEUST INN | W63: =S63 -> 548686 | X63: 549027 | Y63: =X63-W63 -> 341
B64: New line | C64: 283555 | D64: 283784 | E64: =D64-C64 -> 229 | G64: New line | H64: =D64 -> 283784 | I64: 283975 | J64: =I64-H64 -> 191 | L64: New line | M64: =I64 -> 283975 | N64: 284186 | O64: =N64-M64 -> 211 | Q64: New line | R64: =N64 -> 284186 | S64: 284392 | T64: =S64-R64 -> 206 | V64: New line | W64: =S64 -> 284392 | X64: 284593 | Y64: =X64-W64 -> 201
B65: WWS-kayole | C65: 703445 | D65: 704581 | E65: =D65-C65 -> 1136 | G65: WWS-kayole | H65: =D65 -> 704581 | I65: 705708 | J65: =I65-H65 -> 1127 | L65: WWS-kayole | M65: =I65 -> 705708 | N65: 706990 | O65: =N65-M65 -> 1282 | Q65: WWS-kayole | R65: =N65 -> 706990 | S65: 707918 | T65: =S65-R65 -> 928 | V65: WWS-kayole | W65: =S65 -> 707918 | X65: 708935 | Y65: =X65-W65 -> 1017
B66: WWS SUPPLY | E66: =SUM(E59:E65) -> 3031 | G66: WWS SUPPLY | J66: =SUM(J59:J65) -> 2958 | L66: WWS SUPPLY | O66: =SUM(O59:O65) -> 3051 | Q66: WWS SUPPLY | T66: =SUM(T59:T65) -> 2648 | V66: WWS SUPPLY | Y66: =SUM(Y59:Y65) -> 2732
B67: DCK | C67: 532902 | D67: 533071 | E67: =D67-C67 -> 169 | G67: DCK | H67: =D67 -> 533071 | I67: 533304 | J67: =I67-H67 -> 233 | L67: DCK | M67: =I67 -> 533304 | N67: 533517 | O67: =N67-M67 -> 213 | Q67: DCK | R67: =N67 -> 533517 | S67: 533655 | T67: =S67-R67 -> 138 | V67: DCK | W67: =S67 -> 533655 | X67: 533863 | Y67: =X67-W67 -> 208
B68: TOTAL SUPPLY | E68: =E67+E66+E58+E51+E50+E49 -> 7694 | G68: TOTAL SUPPLY | J68: =J67+J66+J58+J51+J50+J49 -> 8295 | L68: TOTAL SUPPLY | O68: =O67+O66+O58+O51+O50+O49 -> 8343 | Q68: TOTAL SUPPLY | R68: =N68 -> 0 | T68: =T67+T66+T58+T51+T50+T49 -> 6953 | V68: TOTAL SUPPLY | W68: =S68 -> 0 | Y68: =Y67+Y66+Y58+Y51+Y50+Y49 -> 7222
B70: Date | C70: 12th January 2024 | G70: Date | H70: 13th January 2024 | L70: Date | M70: 14th January 2024 | Q70: Date | R70: 15th January 2024 | V70: Date | W70: 16th January 2024 | AA70: Date | AB70: 17th January 2024 | AF70: Date | AG70: 18th January 2024 | AK70: Date | AL70: 19th January 2024
C71: OPENING | D71: CLOSING | E71: SUPPLY | H71: OPENING | I71: CLOSING | J71: SUPPLY | M71: OPENING | N71: CLOSING | O71: SUPPLY | R71: OPENING | S71: CLOSING | T71: SUPPLY | W71: OPENING | X71: CLOSING | Y71: SUPPLY | AB71: OPENING | AC71: CLOSING | AD71: SUPPLY | AG71: OPENING | AH71: CLOSING | AI71: SUPPLY | AL71: OPENING | AM71: CLOSING | AN71: SUPPLY
B72: DTI high lift Meter | C72: 454631 | D72: 454789 | E72: =(D72-C72)*10 -> 1580 | G72: DTI high lift Meter | H72: =D72 -> 454789 | I72: 454966 | J72: =(I72-H72)*10 -> 1770 | L72: DTI high lift Meter | M72: =I72 -> 454966 | N72: 455137 | O72: =(N72-M72)*10 -> 1710 | Q72: DTI high lift Meter | R72: =N72 -> 455137 | S72: 455266 | T72: =(S72-R72)*10 -> 1290 | V72: DTI high lift Meter | W72: =S72 -> 455266 | X72: 455449 | Y72: =(X72-W72)*10 -> 1830 | AA72: DTI high lift Meter | AB72: =X72 -> 455449 | AC72: 455556 | AD72: =(AC72-AB72)*10 -> 1070 | AF72: DTI high lift Meter | AG72: =AC72 -> 455556 | AH72: 455705 | AI72: =(AH72-AG72)*10 -> 1490 | AK72: DTI high lift Meter | AL72: =AH72 -> 455705 | AM72: 455883 | AN72: =(AM72-AL72)*10 -> 1780
B73: AIC | C73: 234525 | D73: 234764 | E73: =D73-C73 -> 239 | G73: AIC | H73: =D73 -> 234764 | I73: 234933 | J73: =I73-H73 -> 169 | L73: AIC | M73: =I73 -> 234933 | N73: 235098 | O73: =N73-M73 -> 165 | Q73: AIC | R73: =N73 -> 235098 | S73: 235262 | T73: =S73-R73 -> 164 | V73: AIC | W73: =S73 -> 235262 | X73: 235416 | Y73: =X73-W73 -> 154 | AA73: AIC | AB73: =X73 -> 235416 | AC73: 235596 | AD73: =AC73-AB73 -> 180 | AF73: AIC | AG73: =AC73 -> 235596 | AH73: 235807 | AI73: =AH73-AG73 -> 211 | AK73: AIC | AL73: =AH73 -> 235807 | AM73: 235950 | AN73: =AM73-AL73 -> 143
B74: Police Line | C74: 210667 | D74: 210667 | E74: =D74-C74 -> 0 | G74: Police Line | H74: =D74 -> 210667 | I74: 210667 | J74: =I74-H74 -> 0 | L74: Police Line | M74: =I74 -> 210667 | N74: 210667 | O74: =N74-M74 -> 0 | Q74: Police Line | R74: =N74 -> 210667 | S74: 210667 | T74: =S74-R74 -> 0 | V74: Police Line | W74: =S74 -> 210667 | X74: 210667 | Y74: =X74-W74 -> 0 | AA74: Police Line | AB74: =X74 -> 210667 | AC74: 210667 | AD74: =AC74-AB74 -> 0 | AF74: Police Line | AG74: =AC74 -> 210667 | AH74: 210667 | AI74: =AH74-AG74 -> 0 | AK74: Police Line | AL74: =AH74 -> 210667 | AM74: 210667 | AN74: =AM74-AL74 -> 0
B75: WWS | C75: 301480 | D75: 301687 | E75: =(D75-C75)*10 -> 2070 | G75: WWS | H75: =D75 -> 301687 | I75: 301866 | J75: =(I75-H75)*10 -> 1790 | L75: WWS | M75: =I75 -> 301866 | N75: 302067 | O75: =(N75-M75)*10 -> 2010 | Q75: WWS | R75: =N75 -> 302067 | S75: 302250 | T75: =(S75-R75)*10 -> 1830 | V75: WWS | W75: =S75 -> 302250 | X75: 302420 | Y75: =(X75-W75)*10 -> 1700 | AA75: WWS | AB75: =X75 -> 302420 | AC75: 302620 | AD75: =(AC75-AB75)*10 -> 2000 | AF75: WWS | AG75: =AC75 -> 302620 | AH75: 302840 | AI75: =(AH75-AG75)*10 -> 2200 | AK75: WWS | AL75: =AH75 -> 302840 | AM75: 303027 | AN75: =(AM75-AL75)*10 -> 1870
B76: KCC | C76: 29087 | D76: 29091 | E76: =D76-C76 -> 4 | G76: KCC | H76: =D76 -> 29091 | I76: 29097 | J76: =I76-H76 -> 6 | L76: KCC | M76: =I76 -> 29097 | N76: 29101 | O76: =N76-M76 -> 4 | Q76: KCC | R76: =N76 -> 29101 | S76: 29105 | T76: =S76-R76 -> 4 | V76: KCC | W76: =S76 -> 29105 | X76: 29106 | Y76: 5 | AA76: KCC | AB76: =X76 -> 29106 | AC76: 29111 | AD76: 5 | AF76: KCC | AG76: =AC76 -> 29111 | AH76: 29116 | AI76: 5 | AK76: KCC | AL76: =AH76 -> 29116 | AM76: 29119 | AN76: 5
B77: BULK | C77: 52653 | D77: 52663 | E77: =D77-C77 -> 10 | G77: BULK | H77: =D77 -> 52663 | I77: 52674 | J77: =I77-H77 -> 11 | L77: BULK | M77: =I77 -> 52674 | N77: 52674 | O77: =N77-M77 -> 0 | Q77: BULK | R77: =N77 -> 52674 | S77: 52674 | T77: =S77-R77 -> 0 | V77: BULK | W77: =S77 -> 52674 | X77: 52685 | Y77: =X77-W77 -> 11 | AA77: BULK | AB77: =X77 -> 52685 | AC77: 52685 | AD77: =AC77-AB77 -> 0 | AF77: BULK | AG77: =AC77 -> 52685 | AH77: 52685 | AI77: =AH77-AG77 -> 0 | AK77: BULK | AL77: =AH77 -> 52685 | AM77: 52685 | AN77: =AM77-AL77 -> 0
B78: Keroche | C78: 139728 | D78: 139728 | E78: =D78-C78 -> 0 | G78: Keroche | H78: =D78 -> 139728 | I78: 139728 | J78: =I78-H78 -> 0 | L78: Keroche | M78: =I78 -> 139728 | N78: 139728 | O78: =N78-M78 -> 0 | Q78: Keroche | R78: =N78 -> 139728 | S78: 139728 | T78: =S78-R78 -> 0 | V78: Keroche | W78: =S78 -> 139728 | X78: 139728 | Y78: =X78-W78 -> 0 | AA78: Keroche | AB78: =X78 -> 139728 | AC78: 139728 | AD78: =AC78-AB78 -> 0 | AF78: Keroche | AG78: =AC78 -> 139728 | AH78: 139728 | AI78: =AH78-AG78 -> 0 | AK78: Keroche | AL78: =AH78 -> 139728 | AM78: 139728 | AN78: =AM78-AL78 -> 0
B79: Staff | C79: 8533 | D79: 8542 | E79: =D79-C79 -> 9 | G79: Staff | H79: =D79 -> 8542 | I79: 8545 | J79: =I79-H79 -> 3 | L79: Staff | M79: =I79 -> 8545 | N79: 8548 | O79: =N79-M79 -> 3 | Q79: Staff | R79: =N79 -> 8548 | S79: 8551 | T79: =S79-R79 -> 3 | V79: Staff | W79: =S79 -> 8551 | X79: 8552 | Y79: =X79-W79 -> 1 | AA79: Staff | AB79: =X79 -> 8552 | AC79: 8553 | AD79: =AC79-AB79 -> 1 | AF79: Staff | AG79: =AC79 -> 8553 | AH79: 8561 | AI79: =AH79-AG79 -> 8 | AK79: Staff | AL79: =AH79 -> 8561 | AM79: 8564 | AN79: =AM79-AL79 -> 3
B80: Hopewell | C80: 309162 | D80: 309277 | E80: =D80-C80 -> 115 | G80: Hopewell | H80: =D80 -> 309277 | I80: 309390 | J80: =I80-H80 -> 113 | L80: Hopewell | M80: =I80 -> 309390 | N80: 309518 | O80: =N80-M80 -> 128 | Q80: Hopewell | R80: =N80 -> 309518 | S80: 309658 | T80: =S80-R80 -> 140 | V80: Hopewell | W80: =S80 -> 309658 | X80: 309760 | Y80: =X80-W80 -> 102 | AA80: Hopewell | AB80: =X80 -> 309760 | AC80: 309881 | AD80: =AC80-AB80 -> 121 | AF80: Hopewell | AG80: =AC80 -> 309881 | AH80: 310038 | AI80: =AH80-AG80 -> 157 | AK80: Hopewell | AL80: =AH80 -> 310038 | AM80: 310139 | AN80: =AM80-AL80 -> 101
B81: Karati Supply | E81: =E80+E79+E78+E77+E76+E75 -> 2208 | G81: Karati Supply | J81: =J80+J79+J78+J77+J76+J75 -> 1923 | L81: Karati Supply | O81: =SUM(O75:O80) -> 2145 | Q81: Karati Supply | T81: =SUM(T75:T80) -> 1977 | V81: Karati Supply | Y81: =SUM(Y75:Y80) -> 1819 | AA81: Karati Supply | AD81: =SUM(AD75:AD80) -> 2127 | AF81: Karati Supply | AI81: =SUM(AI75:AI80) -> 2370 | AK81: Karati Supply | AN81: =SUM(AN75:AN80) -> 1979
B82: WWS 6'' Mirera | C82: 1356210 | D82: 1356910 | E82: =D82-C82 -> 700 | G82: WWS 6'' Mirera | H82: =D82 -> 1356910 | I82: 1357685 | J82: =I82-H82 -> 775 | L82: WWS 6'' Mirera | M82: =I82 -> 1357685 | N82: 1358450 | O82: =N82-M82 -> 765 | Q82: WWS 6'' Mirera | R82: =N82 -> 1358450 | S82: 1359178 | T82: =S82-R82 -> 728 | V82: WWS 6'' Mirera | W82: =S82 -> 1359178 | X82: 1359884 | Y82: =X82-W82 -> 706 | AA82: WWS 6'' Mirera | AB82: =X82 -> 1359884 | AC82: 1360711 | AD82: =AC82-AB82 -> 827 | AF82: WWS 6'' Mirera | AG82: =AC82 -> 1360711 | AH82: 1361568 | AI82: =AH82-AG82 -> 857 | AK82: WWS 6'' Mirera | AL82: =AH82 -> 1361568 | AM82: 1362315 | AN82: =AM82-AL82 -> 747
B83: WWS 4'' Sub | C83: 820697 | D83: 820964 | E83: =D83-C83 -> 267 | G83: WWS 4'' Sub | H83: =D83 -> 820964 | I83: 821208 | J83: =I83-H83 -> 244 | L83: WWS 4'' Sub | M83: =I83 -> 821208 | N83: 821450 | O83: =N83-M83 -> 242 | Q83: WWS 4'' Sub | R83: =N83 -> 821450 | S83: 821698 | T83: =S83-R83 -> 248 | V83: WWS 4'' Sub | W83: =S83 -> 821698 | X83: 821972 | Y83: =X83-W83 -> 274 | AA83: WWS 4'' Sub | AB83: =X83 -> 821972 | AC83: 822229 | AD83: =AC83-AB83 -> 257 | AF83: WWS 4'' Sub | AG83: =AC83 -> 822229 | AH83: 822492 | AI83: =AH83-AG83 -> 263 | AK83: WWS 4'' Sub | AL83: =AH83 -> 822492 | AM83: 822746 | AN83: =AM83-AL83 -> 254
B84: KWS | E84: =D84-C84 -> 0 | G84: KWS | H84: =D84 -> 0 | J84: =I84-H84 -> 0 | L84: KWS | O84: 0 | Q84: KWS | T84: =S84-R84 -> 0 | V84: KWS | W84: =S84 -> 0 | X84: 0 | Y84: =X84-W84 -> 0 | AA84: KWS | AB84: =X84 -> 0 | AC84: 0 | AD84: =AC84-AB84 -> 0 | AF84: KWS | AG84: =AC84 -> 0 | AI84: =AH84-AG84 -> 0 | AK84: KWS | AL84: =AH84 -> 0 | AN84: =AM84-AL84 -> 0
B85: Office | C85: 2391 | D85: 2393 | E85: =D85-C85 -> 2 | G85: Office | H85: =D85 -> 2393 | I85: 2395 | J85: =I85-H85 -> 2 | L85: Office | M85: =I85 -> 2395 | N85: 2397 | O85: =N85-M85 -> 2 | Q85: Office | R85: =N85 -> 2397 | S85: 2399 | T85: =S85-R85 -> 2 | V85: Office | W85: =S85 -> 2399 | X85: 2402 | Y85: =X85-W85 -> 3 | AA85: Office | AB85: =X85 -> 2402 | AC85: 2406 | AD85: =AC85-AB85 -> 4 | AF85: Office | AG85: =AC85 -> 2406 | AH85: 2409 | AI85: =AH85-AG85 -> 3 | AK85: Office | AL85: =AH85 -> 2409 | AM85: 2411 | AN85: =AM85-AL85 -> 2
B86: GEUST INN | C86: 549027 | D86: 549339 | E86: =D86-C86 -> 312 | G86: GEUST INN | H86: =D86 -> 549339 | I86: 549589 | J86: =I86-H86 -> 250 | L86: GEUST INN | M86: =I86 -> 549589 | N86: 549870 | O86: =N86-M86 -> 281 | Q86: GEUST INN | R86: =N86 -> 549870 | S86: 550154 | T86: =S86-R86 -> 284 | V86: GEUST INN | W86: =S86 -> 550154 | X86: 550464 | Y86: =X86-W86 -> 310 | AA86: GEUST INN | AB86: =X86 -> 550464 | AC86: 550758 | AD86: =AC86-AB86 -> 294 | AF86: GEUST INN | AG86: =AC86 -> 550758 | AH86: 551058 | AI86: =AH86-AG86 -> 300 | AK86: GEUST INN | AL86: =AH86 -> 551058 | AM86: 551344 | AN86: =AM86-AL86 -> 286
B87: New line | C87: 284593 | D87: 284760 | E87: =D87-C87 -> 167 | G87: New line | H87: =D87 -> 284760 | I87: 284957 | J87: =I87-H87 -> 197 | L87: New line | M87: =I87 -> 284957 | N87: 285129 | O87: =N87-M87 -> 172 | Q87: New line | R87: =N87 -> 285129 | S87: 285298 | T87: =S87-R87 -> 169 | V87: New line | W87: =S87 -> 285298 | X87: 285469 | Y87: =X87-W87 -> 171 | AA87: New line | AB87: =X87 -> 285469 | AC87: 285612 | AD87: =AC87-AB87 -> 143 | AF87: New line | AG87: =AC87 -> 285612 | AH87: 285778 | AI87: =AH87-AG87 -> 166 | AK87: New line | AL87: =AH87 -> 285778 | AM87: 285929 | AN87: =AM87-AL87 -> 151
B88: WWS-kayole | C88: 708935 | D88: 709936 | E88: =D88-C88 -> 1001 | G88: WWS-kayole | H88: =D88 -> 709936 | I88: 710978 | J88: =I88-H88 -> 1042 | L88: WWS-kayole | M88: =I88 -> 710978 | N88: 711800 | O88: =N88-M88 -> 822 | Q88: WWS-kayole | R88: =N88 -> 711800 | S88: 712840 | T88: =S88-R88 -> 1040 | V88: WWS-kayole | W88: =S88 -> 712840 | X88: 713788 | Y88: =X88-W88 -> 948 | AA88: WWS-kayole | AB88: =X88 -> 713788 | AC88: 714834 | AD88: =AC88-AB88 -> 1046 | AF88: WWS-kayole | AG88: =AC88 -> 714834 | AH88: 715701 | AI88: =AH88-AG88 -> 867 | AK88: WWS-kayole | AL88: =AH88 -> 715701 | AM88: 716879 | AN88: =AM88-AL88 -> 1178
B89: WWS SUPPLY | E89: =SUM(E82:E88) -> 2449 | G89: WWS SUPPLY | J89: =SUM(J82:J88) -> 2510 | L89: WWS SUPPLY | O89: =SUM(O82:O88) -> 2284 | Q89: WWS SUPPLY | T89: =SUM(T82:T88) -> 2471 | V89: WWS SUPPLY | Y89: =SUM(Y82:Y88) -> 2412 | AA89: WWS SUPPLY | AD89: =SUM(AD82:AD88) -> 2571 | AF89: WWS SUPPLY | AI89: =SUM(AI82:AI88) -> 2456 | AK89: WWS SUPPLY | AN89: =SUM(AN82:AN88) -> 2618
B90: DCK | C90: 533863 | D90: 533966 | E90: =D90-C90 -> 103 | G90: DCK | H90: =D90 -> 533966 | I90: 534106 | J90: =I90-H90 -> 140 | L90: DCK | M90: =I90 -> 534106 | N90: 534280 | O90: =N90-M90 -> 174 | Q90: DCK | R90: =N90 -> 534280 | S90: 534483 | T90: =S90-R90 -> 203 | V90: DCK | W90: =S90 -> 534483 | X90: 534556 | Y90: =X90-W90 -> 73 | AA90: DCK | AB90: =X90 -> 534556 | AC90: 534766 | AD90: =AC90-AB90 -> 210 | AF90: DCK | AG90: =AC90 -> 534766 | AH90: 534947 | AI90: =AH90-AG90 -> 181 | AK90: DCK | AL90: =AH90 -> 534947 | AM90: 535150 | AN90: =AM90-AL90 -> 203
B91: TOTAL SUPPLY | E91: =E90+E89+E81+E74+E73+E72 -> 6579 | G91: TOTAL SUPPLY | J91: =J90+J89+J81+J74+J73+J72 -> 6512 | L91: TOTAL SUPPLY | O91: =O90+O89+O81+O74+O73+O72 -> 6478 | Q91: TOTAL SUPPLY | R91: =N91 -> 0 | T91: =T90+T89+T81+T74+T73+T72 -> 6105 | V91: TOTAL SUPPLY | W91: =S91 -> 0 | Y91: =Y90+Y89+Y81+Y74+Y73+Y72 -> 6288 | AA91: TOTAL SUPPLY | AB91: =X91 -> 0 | AD91: =AD90+AD89+AD81+AD74+AD73+AD72 -> 6158 | AF91: TOTAL SUPPLY | AG91: =AC91 -> 0 | AI91: =AI90+AI89+AI81+AI74+AI73+AI72 -> 6708 | AK91: TOTAL SUPPLY | AL91: =AH91 -> 0 | AN91: =AN90+AN89+AN81+AN74+AN73+AN72 -> 6723
B93: Date | C93: 19th January 2024 | G93: Date | H93: 20th January 2024 | L93: Date | M93: 21st January 2024 | Q93: Date | R93: 22nd January 2024 | V93: Date | W93: 23rd January 2024 | AA93: Date | AB93: 24th January 2024 | AF93: Date | AG93: 25th January 2024 | AK93: Date | AL93: 26th January 2024
C94: OPENING | D94: CLOSING | E94: SUPPLY | H94: OPENING | I94: CLOSING | J94: SUPPLY | M94: OPENING | N94: CLOSING | O94: SUPPLY | R94: OPENING | S94: CLOSING | T94: SUPPLY | W94: OPENING | X94: CLOSING | Y94: SUPPLY | AB94: OPENING | AC94: CLOSING | AD94: SUPPLY | AG94: OPENING | AH94: CLOSING | AI94: SUPPLY | AL94: OPENING | AM94: CLOSING | AN94: SUPPLY
B95: DTI high lift Meter | C95: 455883 | D95: 456051 | E95: =(D95-C95)*10 -> 1680 | G95: DTI high lift Meter | H95: =D95 -> 456051 | I95: 456236 | J95: =(I95-H95)*10 -> 1850 | L95: DTI high lift Meter | M95: =I95 -> 456236 | N95: 456378 | O95: =(N95-M95)*10 -> 1420 | Q95: DTI high lift Meter | R95: =N95 -> 456378 | S95: 456561 | T95: =(S95-R95)*10 -> 1830 | V95: DTI high lift Meter | W95: =S95 -> 456561 | X95: 456722 | Y95: =(X95-W95)*10 -> 1610 | AA95: DTI high lift Meter | AB95: =X95 -> 456722 | AC95: 456906 | AD95: =(AC95-AB95)*10 -> 1840 | AF95: DTI high lift Meter | AG95: =AC95 -> 456906 | AH95: 457089 | AI95: =(AH95-AG95)*10 -> 1830 | AK95: DTI high lift Meter | AL95: =AH95 -> 457089 | AM95: 457256 | AN95: =(AM95-AL95)*10 -> 1670
B96: AIC | C96: 235950 | D96: 236128 | E96: =D96-C96 -> 178 | G96: AIC | H96: =D96 -> 236128 | I96: 236275 | J96: =I96-H96 -> 147 | L96: AIC | M96: =I96 -> 236275 | N96: 236430 | O96: =N96-M96 -> 155 | Q96: AIC | R96: =N96 -> 236430 | S96: 236754 | T96: =S96-R96 -> 324 | V96: AIC | W96: =S96 -> 236754 | X96: 236975 | Y96: =X96-W96 -> 221 | AA96: AIC | AB96: =X96 -> 236975 | AC96: 237152 | AD96: =AC96-AB96 -> 177 | AF96: AIC | AG96: =AC96 -> 237152 | AH96: 237369 | AI96: =AH96-AG96 -> 217 | AK96: AIC | AL96: =AH96 -> 237369 | AM96: 237545 | AN96: =AM96-AL96 -> 176
B97: Police Line | C97: 210667 | D97: 210667 | E97: =D97-C97 -> 0 | G97: Police Line | H97: =D97 -> 210667 | I97: 210667 | J97: =I97-H97 -> 0 | L97: Police Line | M97: =I97 -> 210667 | N97: 210667 | O97: =N97-M97 -> 0 | Q97: Police Line | R97: =N97 -> 210667 | S97: 210667 | T97: =S97-R97 -> 0 | V97: Police Line | W97: =S97 -> 210667 | X97: 210667 | Y97: =X97-W97 -> 0 | AA97: Police Line | AB97: =X97 -> 210667 | AC97: 210667 | AD97: =AC97-AB97 -> 0 | AF97: Police Line | AG97: =AC97 -> 210667 | AH97: 210667 | AI97: =AH97-AG97 -> 0 | AK97: Police Line | AL97: =AH97 -> 210667 | AM97: 210667 | AN97: =AM97-AL97 -> 0
B98: WWS | C98: 303027 | D98: 303234 | E98: =(D98-C98)*10 -> 2070 | G98: WWS | H98: =D98 -> 303234 | I98: 303480 | J98: =(I98-H98)*10 -> 2460 | L98: WWS | M98: =I98 -> 303480 | N98: 303616 | O98: =(N98-M98)*10 -> 1360 | Q98: WWS | R98: =N98 -> 303616 | S98: 303688 | T98: =(S98-R98)*10 -> 720 | V98: WWS | W98: =S98 -> 303688 | X98: 303838 | Y98: =(X98-W98)*10 -> 1500 | AA98: WWS | AB98: =X98 -> 303838 | AC98: 304106 | AD98: =(AC98-AB98)*10 -> 2680 | AF98: WWS | AG98: =AC98 -> 304106 | AH98: 304371 | AI98: =(AH98-AG98)*10 -> 2650 | AK98: WWS | AL98: =AH98 -> 304371 | AM98: 304621 | AN98: =(AM98-AL98)*10 -> 2500
B99: KCC | C99: 29119 | D99: 29125 | E99: =D99-C99 -> 6 | G99: KCC | H99: =D99 -> 29125 | I99: 29131 | J99: =I99-H99 -> 6 | L99: KCC | M99: =I99 -> 29131 | N99: 29136 | O99: =N99-M99 -> 5 | Q99: KCC | R99: =N99 -> 29136 | S99: 29144 | T99: =S99-R99 -> 8 | V99: KCC | W99: =S99 -> 29144 | X99: 29151 | Y99: 5 | AA99: KCC | AB99: =X99 -> 29151 | AC99: 29157 | AD99: 5 | AF99: KCC | AG99: =AC99 -> 29157 | AH99: 29161 | AI99: 5 | AK99: KCC | AL99: =AH99 -> 29161 | AM99: 29165 | AN99: 5
